Security Code,Issuer Name,Security Id,Security Name,Status,Group,Face Value,ISIN No,Instrument
718102,National Bank for Agriculture and Rural Development,NABARD9120,NABARD-27-1-2020-CP,Active,F ,500000.00,INE261F14GH4,Commercial Papers,,,,,
729032,STANDARD CHARTERED CAPITAL LIMITED,SCCL19325A,STANDARD CHARTERED CAPITAL Ltd,Active,F ,500000.00,INE403G14TI1,Commercial Papers,,,,,
729035,Godrej Finance Limited,GFL180325,Godrej Finance Ltd,Active,F ,500000.00,INE02KN14499,Commercial Papers,,,,,
729052,birla Group Holdings Private Limited,BGHP210325,birla Group Holdings Pvt Ltd,Active,F ,500000.00,INE09OL14HB4,Commercial Papers,,,,,
729057,ICICI Securities Limited,ISEC200325,ICICI Securities Ltd,Active,F ,500000.00,INE763G14XY7,Commercial Papers,,,,,
729071,Julius Baer Capital (India) Private Limited,JBCI240325,Julius Baer Capital (India) Pvt Ltd,Active,F ,500000.00,INE824H14RQ3,Commercial Papers,,,,,
729076,IndoStar Capital Finance Limited,ICFL24325,IndoStar Capital Finance Ltd,Active,F ,500000.00,INE896L14EP3,Commercial Papers,,,,,
729079,Nuvama Wealth Finance Limited,NWFL240325,Nuvama Wealth Finance Ltd,Active,F ,500000.00,INE918K14CH8,Commercial Papers,,,,,
729081,POONAWALLA FINCORP LIMITED,PFL240325,POONAWALLA FINCORP Ltd,Active,F ,500000.00,INE511C14YJ8,Commercial Papers,,,,,
729085,NUVAMA CLEARING SERVICES LIMITED,NCSL25325,NUVAMA CLEARING SERVICES Ltd,Active,F ,500000.00,INE525L14091,Commercial Papers,,,,,
729089,Nuvama Wealth Finance Limited,NWFL25325,Nuvama Wealth Finance Ltd,Active,F ,500000.00,INE918K14CG0,Commercial Papers,,,,,
729102,Infina Finance Private Limited,IFPL25325,Infina Finance Pvt Ltd,Active,F ,500000.00,INE879F14KL7,Commercial Papers,,,,,
729111,Avanse Financial Services Limited,AFSL26325,Avanse Financial Services Ltd,Active,F ,500000.00,INE087P14762,Commercial Papers,,,,,
729115,Motilal Oswal Financial Services Limited,MOFS26325,Motilal Oswal Financial Services Ltd,Active,F ,500000.00,INE338I14JX5,Commercial Papers,,,,,
729116,Motilal Oswal Financial Services Limited,MOFS260325,Motilal Oswal Financial Services Ltd,Active,F ,500000.00,INE338I14JW7,Commercial Papers,,,,,
729117,Motilal Oswal Financial Services Limited,MOFS26325A,MOFS-25-3-26-CP,Active,F ,500000.00,INE338I14JV9,Commercial Papers,,,,,
729140,Adani Enterprises Ltd.,AEL28325,Adani Enterprises Ltd,Active,F ,500000.00,INE423A14WX5,Commercial Papers,,,,,
729146,STANDARD CHARTERED SECURITIES (INDIA) LIMITED,SCSL28325,STANDARD CHARTERED SECURITIES (INDIA) Ltd,Active,F ,500000.00,INE472H14599,Commercial Papers,,,,,
729154,Kotak Mahindra Investments Limited,KMIL4425,Kotak Mahindra Investments Ltd,Active,F ,500000.00,INE975F14A01,Commercial Papers,,,,,
729164,Kotak Mahindra Prime Limited,KMPL7425,Kotak Mahindra Prime Ltd,Active,F ,500000.00,INE916D144Z5,Commercial Papers,,,,,
729174,Adani Enterprises Ltd.,AEL07425,Adani Enterprises Ltd,Active,F ,500000.00,INE423A14XB9,Commercial Papers,,,,,
729178,Navi Finserv Limited,NFL080425,Navi Finserv Ltd,Active,F ,500000.00,INE342T14CX9,Commercial Papers,,,,,
729183,NUVAMA CLEARING SERVICES LIMITED,NCSL090425,NUVAMA CLEARING SERVICES Ltd,Active,F ,500000.00,INE525L14109,Commercial Papers,,,,,
729216,VIVRITI CAPITAL LIMITED,VCL110425,VIVRITI CAPITAL Ltd,Active,F ,500000.00,INE01HV14714,Commercial Papers,,,,,
729236,Muthoot Capital Services Ltd.,MCSL21425,Muthoot Capital Services Ltd,Active,F ,500000.00,INE296G14511,Commercial Papers,,,,,
729240,Time Technoplast Limited,TTL220425,Time Technoplast Ltd,Active,F ,500000.00,INE508G14HM4,Commercial Papers,,,,,
729251,STANDARD CHARTERED CAPITAL LIMITED,SCCL240425,STANDARD CHARTERED CAPITAL Ltd,Active,F ,500000.00,INE403G14TK7,Commercial Papers,,,,,
729269,Bajaj Finance Limited,BFL240425,Bajaj Finance Ltd,Active,F ,500000.00,INE296A14A24,Commercial Papers,,,,,
729280,Infina Finance Private Limited,IFPL250425,Infina Finance Pvt Ltd,Active,F ,500000.00,INE879F14KQ6,Commercial Papers,,,,,
729287,Embassy Office Parks REIT,EOP280425,Embassy Office Parks REIT,Active,F ,500000.00,INE041014064,Commercial Papers,,,,,
729292,GIC Housing Finance Ltd.,GICHF30425,GIC Housing Finance Ltd,Active,F ,500000.00,INE289B14JO4,Commercial Papers,,,,,
729305,Truhome Finance Limited,TFL30425,Truhome Finance Ltd,Active,F ,500000.00,INE432R14303,Commercial Papers,,,,,
729309,Krazybee Services Ltd,KSL030425,Krazybee Services Ltd,Active,F ,500000.00,INE07HK14318,Commercial Papers,,,,,
729320,IndoStar Capital Finance Limited,ICFL552025,IndoStar Capital Finance Ltd,Active,F ,500000.00,INE896L14ER9,Commercial Papers,,,,,
729321,Kotak Mahindra Prime Limited,KMPL06525,Kotak Mahindra Prime Ltd,Active,F ,500000.00,INE916D145B3,Commercial Papers,,,,,
729325,Kotak Mahindra Investments Limited,KMIL6525,Kotak Mahindra Investments Ltd,Active,F ,500000.00,INE975F14A76,Commercial Papers,,,,,
729328,Kotak Mahindra Investments Limited,KMIL06525,Kotak Mahindra Investments Ltd,Active,F ,500000.00,INE975F14A84,Commercial Papers,,,,,
729329,Kotak Mahindra Prime Limited,KMPL70525,Kotak Mahindra Prime Ltd,Active,F ,500000.00,INE916D145C1,Commercial Papers,,,,,
729331,Bajaj Finance Limited,BFL060525,Bajaj Finance Ltd,Active,F ,500000.00,INE296A14A32,Commercial Papers,,,,,
729340,NUVAMA CLEARING SERVICES LIMITED,NCSL7525,NUVAMA CLEARING SERVICES Ltd,Active,F ,500000.00,INE525L14125,Commercial Papers,,,,,
729341,Bajaj Finance Limited,BFL7525,Bajaj Finance Ltd,Active,F ,500000.00,INE296A14A40,Commercial Papers,,,,,
729352,Bajaj Finance Limited,BFL8525,Bajaj Finance Ltd,Active,F ,500000.00,INE296A14A57,Commercial Papers,,,,,
729387,Bajaj Finance Limited,BFL14525,Bajaj Finance Ltd,Active,F ,500000.00,INE296A14A65,Commercial Papers,,,,,
729411,Axis Finance Limited,AXFL19525,Axis Finance Ltd,Active,F ,500000.00,INE891K14PA4,Commercial Papers,,,,,
729439,Capri Global Capital Limited,CGCL200525,Capri Global Capital Ltd,Active,F ,500000.00,INE180C14474,Commercial Papers,,,,,
729455,birla Group Holdings Private Limited,BGHP220525,birla Group Holdings Pvt Ltd,Active,F ,500000.00,INE09OL14HH1,Commercial Papers,,,,,
729459,Aadhar Housing Finance Limited,AHFL22525,Aadhar Housing Finance Ltd,Active,F ,500000.00,INE883F14112,Commercial Papers,,,,,
729470,Manappuram Finance Limited,MFL220525A,Manappuram Finance Ltd,Active,F ,500000.00,INE522D14OL0,Commercial Papers,,,,,
729472,birla Group Holdings Private Limited,BGHP230525,birla Group Holdings Pvt Ltd,Active,F ,500000.00,INE09OL14HG3,Commercial Papers,,,,,
729477,STANDARD CHARTERED CAPITAL LIMITED,SCCL26525,STANDARD CHARTERED CAPITAL Ltd,Active,F ,500000.00,INE403G14TN1,Commercial Papers,,,,,
729480,MUTHOOT FINCORP LIMITED,MFL230525,MUTHOOT FINCORP Ltd,Active,F ,500000.00,INE549K14BY8,Commercial Papers,,,,,
729482,Infina Finance Private Limited,IFPL230525,Infina Finance Pvt Ltd,Active,F ,500000.00,INE879F14KU8,Commercial Papers,,,,,
729483,STANDARD CHARTERED CAPITAL LIMITED,SCCL260525,STANDARD CHARTERED CAPITAL Ltd,Active,F ,500000.00,INE403G14TM3,Commercial Papers,,,,,
729485,Bajaj Finance Limited,BFL260525,Bajaj Finance Ltd,Active,F ,500000.00,INE296A14A73,Commercial Papers,,,,,
729517,UGRO CAPITAL LIMITED,UCL290525,UGRO CAPITAL Ltd,Active,F ,500000.00,INE583D14634,Commercial Papers,,,,,
729542,Capri Global Capital Limited,CGCL4625,Capri Global Capital Ltd,Active,F ,500000.00,INE180C14516,Commercial Papers,,,,,
729550,INTERISE TRUST,IT040625,INTERISE TRUST,Active,F ,500000.00,INE790Z14034,Commercial Papers,,,,,
729573,InCred Financial Services Limited,IFSL060625,InCred Financial Services Ltd,Active,F ,500000.00,INE321N14331,Commercial Papers,,,,,
729580,IndoStar Capital Finance Limited,ICFL060625,IndoStar Capital Finance Ltd,Active,F ,500000.00,INE896L14EZ2,Commercial Papers,,,,,
729601,Kotak Mahindra Investments Limited,KMIL100625,Kotak Mahindra Investments Ltd,Active,F ,500000.00,INE975F14B26,Commercial Papers,,,,,
729622,Kotak Mahindra Prime Limited,KMPL12625A,Kotak Mahindra Prime Ltd,Active,F ,500000.00,INE916D145F4,Commercial Papers,,,,,
729667,AAVAS Financiers Limited,AFL170625,AFL-17-6-26-CP,Active,F ,500000.00,INE216P14098,Commercial Papers,,,,,
729671,Nuvama Wealth and Investment Limited,NWIL170625,NWIL-16-6-26-CP,Active,F ,500000.00,INE523L14971,Commercial Papers,,,,,
729678,Bajaj Finance Limited,BFL18625,BFL-18-6-26-CP,Active,F ,500000.00,INE296A14A81,Commercial Papers,,,,,
729697,Bajaj Finance Limited,BFL190625,Bajaj Finance Ltd,Active,F ,500000.00,INE296A14A99,Commercial Papers,,,,,
729725,MUTHOOT FINCORP LIMITED,MFL240625,MUTHOOT FINCORP Ltd,Active,F ,500000.00,INE549K14BZ5,Commercial Papers,,,,,
729746,Bajaj Finance Limited,BFL260625,BFL-26-06-26-CP,Active,F ,500000.00,INE296A14B31,Commercial Papers,,,,,
729760,Credila Financial Services Limited,CFSL010725,Credila Financial Services Ltd,Active,F ,500000.00,INE539K14BY9,Commercial Papers,,,,,
729763,Motilal Oswal Financial Services Limited,MOFSL2725A,Motilal Oswal Financial Services Ltd,Active,F ,500000.00,INE338I14KP9,Commercial Papers,,,,,
729764,Motilal Oswal Financial Services Limited,MOFSL2725B,Motilal Oswal Financial Services Ltd,Active,F ,500000.00,INE338I14KQ7,Commercial Papers,,,,,
729765,Motilal Oswal Finvest Limited,MOFL2725,Motilal Oswal Finvest Ltd,Active,F ,500000.00,INE01WN14BV1,Commercial Papers,,,,,
729766,Motilal Oswal Finvest Limited,MOFL20725,Motilal Oswal Finvest Ltd,Active,F ,500000.00,INE01WN14BW9,Commercial Papers,,,,,
729767,Motilal Oswal Finvest Limited,MOFL020725,Motilal Oswal Finvest Ltd,Active,F ,500000.00,INE01WN14BU3,Commercial Papers,,,,,
729773,Motilal Oswal Financial Services Limited,MOFSL3725,Motilal Oswal Financial Services Ltd,Active,F ,500000.00,INE338I14KS3,Commercial Papers,,,,,
729789,Truhome Finance Limited,TFL04725,Truhome Finance Ltd,Active,F ,500000.00,INE432R14311,Commercial Papers,,,,,
729791,Motilal Oswal Home Finance Limited,MOHFL7725,Motilal Oswal Home Finance Ltd,Active,F ,500000.00,INE658R14477,Commercial Papers,,,,,
729809,MUTHOOT MCRED LIMITED,MML8725,Muthoot Mcred Ltd,Active,F ,500000.00,INE101Q14181,Commercial Papers,,,,,
729828,MUTHOOT FINCORP LIMITED,MFL14725,MUTHOOT FINCORP Ltd,Active,F ,500000.00,INE549K14CA6,Commercial Papers,,,,,
729833,MUTHOOT MCRED LIMITED,MML140725,Muthoot Mcred Ltd,Active,F ,500000.00,INE101Q14199,Commercial Papers,,,,,
729834,Kotak Mahindra Investments Limited,KMIL150725,Kotak Mahindra Investments Ltd,Active,F ,500000.00,INE975F14B42,Commercial Papers,,,,,
729845,Bajaj Finance Limited,BFL15725,Bajaj Finance Ltd,Active,F ,500000.00,INE296A14B64,Commercial Papers,,,,,
729849,REC LIMITED,RECL150725,REC Ltd,Active,F ,500000.00,INE020B14698,Commercial Papers,,,,,
729851,Kotak Mahindra Prime Limited,KMPL16725,Kotak Mahindra Prime Ltd,Active,F ,500000.00,INE916D145J6,Commercial Papers,,,,,
729852,Kotak Mahindra Prime Limited,KMP160725,Kotak Mahindra Prime Ltd,Active,F ,500000.00,INE916D145K4,Commercial Papers,,,,,
729856,Bajaj Finance Limited,BFL160725,Bajaj Finance Ltd,Active,F ,500000.00,INE296A14B72,Commercial Papers,,,,,
729865,MUTHOOT MCRED LIMITED,MML170725,Muthoot Mcred Ltd,Active,F ,500000.00,INE101Q14207,Commercial Papers,,,,,
729866,Bajaj Finance Limited,BFL170725,Bajaj Finance Ltd,Active,F ,500000.00,INE296A14B98,Commercial Papers,,,,,
729884,Mindspace Business Parks REIT,MBPR210725,Mindspace Business Parks REIT,Active,F ,500000.00,INE0CCU14096,Commercial Papers,,,,,
729887,Bajaj Finance Limited,BFL22725,Bajaj Finance Ltd,Active,F ,500000.00,INE296A14C14,Commercial Papers,,,,,
729894,Manappuram Finance Limited,MFL240725,Manappuram Finance Ltd,Active,F ,500000.00,INE522D14OO4,Commercial Papers,,,,,
729931,MUTHOOT FINCORP LIMITED,MFL290725,MUTHOOT FINCORP Ltd,Active,F ,500000.00,INE549K14CB4,Commercial Papers,,,,,
729943,STANDARD CHARTERED SECURITIES (INDIA) LIMITED,SCSIL31725,STANDARD CHARTERED SECURITIES (INDIA) Ltd,Active,F ,500000.00,INE472H14672,Commercial Papers,,,,,
729952,Krazybee Services Ltd,KSL31725,Krazybee Services Ltd,Active,F ,500000.00,INE07HK14383,Commercial Papers,,,,,
729977,Adani Enterprises Ltd.,AEL6825,Adani Enterprises Ltd,Active,F ,500000.00,INE423A14XX3,Commercial Papers,,,,,
729990,Julius Baer Capital (India) Private Limited,JBCIPL8825,Julius Baer Capital (India) Pvt Ltd,Active,F ,500000.00,INE824H14SD9,Commercial Papers,,,,,
730012,Muthoot Microfin Limited,MML13825,Muthoot Microfin Ltd,Active,F ,500000.00,INE046W14111,Commercial Papers,,,,,
730017,Capri Global Capital Limited,CGCL130825,Capri Global Capital Ltd,Active,F ,500000.00,INE180C14565,Commercial Papers,,,,,
730019,GIC Housing Finance Ltd.,GHFL13825,GIC Housing Finance Ltd,Active,F ,500000.00,INE289B14JV9,Commercial Papers,,,,,
730035,STANDARD CHARTERED SECURITIES (INDIA) LIMITED,SCSIL14825,STANDARD CHARTERED SECURITIES (INDIA) Ltd,Active,F ,500000.00,INE472H14706,Commercial Papers,,,,,
730043,Manappuram Finance Limited,MFL180825,Manappuram Finance Ltd,Active,F ,500000.00,INE522D14OP1,Commercial Papers,,,,,
730047,Navi Finserv Limited,NFL19825,Navi Finserv Ltd,Active,F ,500000.00,INE342T14EA3,Commercial Papers,,,,,
730063,Kotak Mahindra Prime Limited,KMPL21825A,Kotak Mahindra Prime Ltd,Active,F ,500000.00,INE916D145O6,Commercial Papers,,,,,
730082,Infina Finance Private Limited,IFPL220825,Infina Finance Pvt Ltd,Active,F ,500000.00,INE879F14LH3,Commercial Papers,,,,,
730088,Kotak Mahindra Prime Limited,KMPL26825,Kotak Mahindra Prime Ltd,Active,F ,500000.00,INE916D145P3,Commercial Papers,,,,,
730094,Bajaj Housing Finance Limited,BHFL26825,Bajaj Housing Finance Ltd,Active,F ,500000.00,INE377Y14BS7,Commercial Papers,,,,,
730105,ARKA FINCAP LIMITED,ARFL26825,ARKA FINCAP Ltd,Active,F ,500000.00,INE03W114716,Commercial Papers,,,,,
730159,Lodha Developers Limited,LDL040925,Lodha Developers Ltd,Active,F ,500000.00,INE670K14030,Commercial Papers,,,,,
730192,The Bombay Burmah Trading Corporation Ltd.,BBTC100925,Bombay Burmah Trading Corpn Ltd,Active,F ,500000.00,INE050A14846,Commercial Papers,,,,,
730195,The Bombay Burmah Trading Corporation Ltd.,BBT100925,Bombay Burmah Trading Corpn Ltd,Active,F ,500000.00,INE050A14853,Commercial Papers,,,,,
730244,Julius Baer Capital (India) Private Limited,JBCIP17925,Julius Baer Capital (India) Pvt Ltd,Active,F ,500000.00,INE824H14SK4,Commercial Papers,,,,,
730249,STANDARD CHARTERED SECURITIES (INDIA) LIMITED,SCSI160925,STANDARD CHARTERED SECURITIES (INDIA) Ltd,Active,F ,500000.00,INE472H14722,Commercial Papers,,,,,
730264,Infina Finance Private Limited,IFPL180925,Infina Finance Pvt Ltd,Active,F ,500000.00,INE879F14LN1,Commercial Papers,,,,,
730283,Julius Baer Capital (India) Private Limited,JBC23925,Julius Baer Capital (India) Pvt Ltd,Active,F ,500000.00,INE824H14SL2,Commercial Papers,,,,,
730296,Navi Finserv Limited,NFL23925,Navi Finserv Ltd,Active,F ,500000.00,INE342T14EG0,Commercial Papers,,,,,
730297,MUTHOOT MCRED LIMITED,MML23925,Muthoot Mcred Ltd,Active,F ,500000.00,INE101Q14249,Commercial Papers,,,,,
730298,The Bombay Burmah Trading Corporation Ltd.,BBTCL23925,Bombay Burmah Trading Corpn Ltd,Active,F ,500000.00,INE050A14861,Commercial Papers,,,,,
730304,Mahindra Rural Housing Finance Limited,MRHF240925,Mahindra Rural Housing Finance Ltd,Active,F ,500000.00,INE950O14BX2,Commercial Papers,,,,,
730305,Mahindra Rural Housing Finance Limited,MRH240925,Mahindra Rural Housing Finance Ltd,Active,F ,500000.00,INE950O14BW4,Commercial Papers,,,,,
730306,Navi Finserv Limited,NFL24925,Navi Finserv Ltd,Active,F ,500000.00,INE342T14EH8,Commercial Papers,,,,,
730309,POONAWALLA FINCORP LIMITED,PFL24925,POONAWALLA FINCORP Ltd,Active,F ,500000.00,INE511C14YY7,Commercial Papers,,,,,
730315,Adani Enterprises Ltd.,AEL250925,Adani Enterprises Ltd,Active,F ,500000.00,INE423A14YE1,Commercial Papers,,,,,
730317,Time Technoplast Limited,TTL26925,Time Technoplast Ltd,Active,F ,500000.00,INE508G14HZ6,Commercial Papers,,,,,
730318,TRUST INVESTMENT ADVISORS PRIVATE LIMITED,TIAPL25925,TRUST INVESTMENT ADVISORS Pvt Ltd,Active,F ,500000.00,INE723X14LE3,Commercial Papers,,,,,
730335,Navi Finserv Limited,NFL290925,Navi Finserv Ltd,Active,F ,500000.00,INE342T14EI6,Commercial Papers,,,,,
730337,Kosamattam Finance Limited,KFL290925,Kosamattam Finance Ltd,Active,F ,500000.00,INE403Q14017,Commercial Papers,,,,,
730344,VIVRITI CAPITAL LIMITED,VCL30925,VCL-13-4-26-CP,Active,F ,500000.00,INE01HV14AA1,Commercial Papers,,,,,
730345,ECL Finance Limited,ECLF30925,ECLF-13-4-26-CP,Active,F ,500000.00,INE804I14YC9,Commercial Papers,,,,,
730346,360 ONE Prime Limited,OPL300925,360OPL-27-3-26-CP,Active,F ,500000.00,INE248U14SI3,Commercial Papers,,,,,
730347,Navi Finserv Limited,NFL011025,NFL-25-3-26-CP,Active,F ,500000.00,INE342T14EJ4,Commercial Papers,,,,,
730351,STANDARD CHARTERED CAPITAL LIMITED,SCCL031025,SCCL-11-6-26-CP,Active,F ,500000.00,INE403G14TP6,Commercial Papers,,,,,
730352,JSW Energy Limited,JEL061025,JEL-23-3-26-CP,Active,F ,500000.00,INE121E14409,Commercial Papers,,,,,
730353,Mirae Asset Financial Services (India) Private Limited,MAFS031025,MAFSPL-12-6-26-CP,Active,F ,500000.00,INE0JRU14297,Commercial Papers,,,,,
730360,The Bombay Burmah Trading Corporation Ltd.,BBTC71025,Bombay Burmah Trading Corpn Ltd,Active,F ,500000.00,INE050A14879,Commercial Papers,,,,,
730365,MUTHOOT MCRED LIMITED,MML81025,Muthoot Mcred Ltd,Active,F ,500000.00,INE101Q14264,Commercial Papers,,,,,
730366,MUTHOOT MCRED LIMITED,MML081025,Muthoot Mcred Ltd,Active,F ,500000.00,INE101Q14256,Commercial Papers,,,,,
730369,Navi Finserv Limited,NFL081025,Navi Finserv Ltd,Active,F ,500000.00,INE342T14EM8,Commercial Papers,,,,,
730370,Navi Finserv Limited,NFL081025A,Navi Finserv Ltd,Active,F ,500000.00,INE342T14EN6,Commercial Papers,,,,,
730384,MUTHOOT MCRED LIMITED,MML131025,Muthoot Mcred Ltd,Active,F ,500000.00,INE101Q14231,Commercial Papers,,,,,
730387,PAISALO DIGITAL LIMITED,PDL141025,PAISALO DIGITAL Ltd,Active,F ,500000.00,INE420C14227,Commercial Papers,,,,,
730400,Kotak Mahindra Prime Limited,KMPL161025,KMPL-7-9-26-CP,Active,F ,500000.00,INE916D145Y5,Commercial Papers,,,,,
730401,Kotak Mahindra Prime Limited,KMP161025,KMPL-8-5-26-CP,Active,F ,500000.00,INE916D145X7,Commercial Papers,,,,,
730407,STANDARD CHARTERED CAPITAL LIMITED,SCCL171025,STANDARD CHARTERED CAPITAL Ltd,Active,F ,500000.00,INE403G14TQ4,Commercial Papers,,,,,
730408,Time Technoplast Limited,TTL171025,Time Technoplast Ltd,Active,F ,500000.00,INE508G14IA7,Commercial Papers,,,,,
730411,PAISALO DIGITAL LIMITED,PDL161025,PAISALO DIGITAL Ltd,Active,F ,500000.00,INE420C14235,Commercial Papers,,,,,
730412,Embassy Office Parks REIT,EOPR161025,Embassy Office Parks REIT,Active,F ,500000.00,INE041014072,Commercial Papers,,,,,
730419,Navi Finserv Limited,NFL171025,Navi Finserv Ltd,Active,F ,500000.00,INE342T14EO4,Commercial Papers,,,,,
730420,Navi Finserv Limited,NFL171025A,Navi Finserv Ltd,Active,F ,500000.00,INE342T14EQ9,Commercial Papers,,,,,
730424,Kotak Mahindra Investments Limited,KMIL201025,Kotak Mahindra Investments Ltd,Active,F ,500000.00,INE975F14C25,Commercial Papers,,,,,
730427,Kotak Mahindra Prime Limited,KMPL231025,KMPL-28-8-26-CP,Active,F ,500000.00,INE916D145Z2,Commercial Papers,,,,,
730437,Navi Finserv Limited,NFL241025,Navi Finserv Ltd,Active,F ,500000.00,INE342T14ET3,Commercial Papers,,,,,
730439,VIVRITI CAPITAL LIMITED,VCL241025,VIVRITI CAPITAL Ltd,Active,F ,500000.00,INE01HV14AC7,Commercial Papers,,,,,
730442,STANDARD CHARTERED CAPITAL LIMITED,SCCL271025,STANDARD CHARTERED CAPITAL Ltd,Active,F ,500000.00,INE403G14TR2,Commercial Papers,,,,,
730445,Godrej Finance Limited,GFL291025,Godrej Finance Ltd,Active,F ,500000.00,INE02KN14622,Commercial Papers,,,,,
730446,UGRO CAPITAL LIMITED,UCL281025,UGRO CAPITAL Ltd,Active,F ,500000.00,INE583D14717,Commercial Papers,,,,,
730447,Nuvama Wealth and Investment Limited,NWIL281025,Nuvama Wealth and Investment Ltd,Active,F ,500000.00,INE523L14AP1,Commercial Papers,,,,,
730454,Navi Finserv Limited,NFL291025,Navi Finserv Ltd,Active,F ,500000.00,INE342T14EV9,Commercial Papers,,,,,
730456,STANDARD CHARTERED CAPITAL LIMITED,SCCL291025,STANDARD CHARTERED CAPITAL Ltd,Active,F ,500000.00,INE403G14TS0,Commercial Papers,,,,,
730457,Nuvama Wealth Management Limited,NWML291025,Nuvama Wealth Management Ltd,Active,F ,500000.00,INE531F14FI0,Commercial Papers,,,,,
730459,360 ONE Prime Limited,OPL291025,OPL-29-5-26-CP,Active,F ,500000.00,INE248U14SL7,Commercial Papers,,,,,
730460,360 ONE Prime Limited,OPL291025A,OPL-2-6-26-CP,Active,F ,500000.00,INE248U14SM5,Commercial Papers,,,,,
730466,TRUST INVESTMENT ADVISORS PRIVATE LIMITED,TIAP311025,TRUST INVESTMENT ADVISORS Pvt Ltd,Active,F ,500000.00,INE723X14LM6,Commercial Papers,,,,,
730468,Infina Finance Private Limited,IFPL301025,Infina Finance Pvt Ltd,Active,F ,500000.00,INE879F14LV4,Commercial Papers,,,,,
730470,Infina Finance Private Limited,IFP301025,Infina Finance Pvt Ltd,Active,F ,500000.00,INE879F14LU6,Commercial Papers,,,,,
730478,Manappuram Finance Limited,MFL311025,Manappuram Finance Ltd,Active,F ,500000.00,INE522D14OT3,Commercial Papers,,,,,
730479,MUTHOOT FINCORP LIMITED,MFL031125,MUTHOOT FINCORP Ltd,Active,F ,500000.00,INE549K14CC2,Commercial Papers,,,,,
730481,360 ONE Prime Limited,360OP31125,360 ONE Prime Ltd,Active,F ,500000.00,INE248U14SO1,Commercial Papers,,,,,
730482,360 ONE Prime Limited,360O031125,360 ONE Prime Ltd,Active,F ,500000.00,INE248U14SP8,Commercial Papers,,,,,
730483,360 ONE Prime Limited,360P031125,360 ONE Prime Ltd,Active,F ,500000.00,INE248U14SQ6,Commercial Papers,,,,,
730486,360 ONE WAM LIMITED,OWL031125,360 ONE WAM Ltd,Active,F ,500000.00,INE466L14FA4,Commercial Papers,,,,,
730489,360 ONE WAM LIMITED,OWL031125A,360 ONE WAM Ltd,Active,F ,500000.00,INE466L14EZ4,Commercial Papers,,,,,
730497,UGRO CAPITAL LIMITED,UCL041125,UGRO CAPITAL Ltd,Active,F ,500000.00,INE583D14725,Commercial Papers,,,,,
730501,Bajaj Finance Limited,BFL41125,Bajaj Finance Ltd,Active,F ,500000.00,INE296A14D13,Commercial Papers,,,,,
730503,MUTHOOT FINCORP LIMITED,MFL041125,MUTHOOT FINCORP Ltd,Active,F ,500000.00,INE549K14CD0,Commercial Papers,,,,,
730511,Nuvama Wealth Management Limited,NWML71125,Nuvama Wealth Management Ltd,Active,F ,500000.00,INE531F14FJ8,Commercial Papers,,,,,
730512,Bajaj Finance Limited,BFL61125,Bajaj Finance Ltd,Active,F ,500000.00,INE296A14D21,Commercial Papers,,,,,
730514,Manappuram Finance Limited,MFL061125,Manappuram Finance Ltd,Active,F ,500000.00,INE522D14OU1,Commercial Papers,,,,,
730521,Navi Finserv Limited,NFL71125,Navi Finserv Ltd,Active,F ,500000.00,INE342T14EW7,Commercial Papers,,,,,
730522,ECL Finance Limited,ECLF71125,ECL Finance Ltd,Active,F ,500000.00,INE804I14YE5,Commercial Papers,,,,,
730526,Julius Baer Capital (India) Private Limited,JBCI101125,JBCI-10-6-26-CP,Active,F ,500000.00,INE824H14SS7,Commercial Papers,,,,,
730534,MUTHOOT FINCORP LIMITED,MFL101125,MUTHOOT FINCORP Ltd,Active,F ,500000.00,INE549K14CE8,Commercial Papers,,,,,
730536,Adani Enterprises Ltd.,AEL111125,Adani Enterprises Ltd,Active,F ,500000.00,INE423A14YN2,Commercial Papers,,,,,
730537,ECL Finance Limited,ECLF111125,ECL Finance Ltd,Active,F ,500000.00,INE804I14YF2,Commercial Papers,,,,,
730538,ECL Finance Limited,ECL111125,ECL Finance Ltd,Active,F ,500000.00,INE804I14YG0,Commercial Papers,,,,,
730547,Manappuram Finance Limited,MFL121125,Manappuram Finance Ltd,Active,F ,500000.00,INE522D14OV9,Commercial Papers,,,,,
730548,The Bombay Burmah Trading Corporation Ltd.,TBBT121125,The Bombay Burmah Trading Corporation Ltd,Active,F ,500000.00,INE050A14887,Commercial Papers,,,,,
730552,Navi Finserv Limited,NFL121125,Navi Finserv Ltd,Active,F ,500000.00,INE342T14EY3,Commercial Papers,,,,,
730553,Navi Finserv Limited,NFL121125A,Navi Finserv Ltd,Active,F ,500000.00,INE342T14EX5,Commercial Papers,,,,,
730557,Bajaj Finance Limited,BFL121125,Bajaj Finance Ltd,Active,F ,500000.00,INE296A14D39,Commercial Papers,,,,,
730568,STANDARD CHARTERED CAPITAL LIMITED,SCC141125,STANDARD CHARTERED CAPITAL Ltd,Active,F ,500000.00,INE403G14TT8,Commercial Papers,,,,,
730570,Muthoot Microfin Limited,MML141125,Muthoot Microfin Ltd,Active,F ,500000.00,INE046W14129,Commercial Papers,,,,,
730575,DSP FINANCE PRIVATE LIMITED,DFP141125,DSP FINANCE Pvt Ltd,Active,F ,500000.00,INE422H14081,Commercial Papers,,,,,
730576,ONGC Petro additions Limited.,OPAL141125,ONGC Petro additions Ltd,Active,F ,500000.00,INE163N14592,Commercial Papers,,,,,
730590,STANDARD CHARTERED CAPITAL LIMITED,SCCL181125,STANDARD CHARTERED CAPITAL Ltd,Active,F ,500000.00,INE403G14TU6,Commercial Papers,,,,,
730594,360 ONE WAM LIMITED,360W181125,360 ONE WAM Ltd,Active,F ,500000.00,INE466L14FE6,Commercial Papers,,,,,
730600,Infina Finance Private Limited,IFPL181125,Infina Finance Pvt Ltd,Active,F ,500000.00,INE879F14LY8,Commercial Papers,,,,,
730601,MUTHOOT FINCORP LIMITED,MFL191125,MUTHOOT FINCORP Ltd,Active,F ,500000.00,INE549K14CF5,Commercial Papers,,,,,
730604,Infina Finance Private Limited,IFPL191125,Infina Finance Pvt Ltd,Active,F ,500000.00,INE879F14LZ5,Commercial Papers,,,,,
730611,TRUST INVESTMENT ADVISORS PRIVATE LIMITED,TIAP201125,TRUST INVESTMENT ADVISORS Pvt Ltd,Active,F ,500000.00,INE723X14LO2,Commercial Papers,,,,,
730612,MUTHOOT MCRED LIMITED,MML201125,Muthoot Mcred Ltd,Active,F ,500000.00,INE101Q14280,Commercial Papers,,,,,
730614,Infina Finance Private Limited,IFPL201125,Infina Finance Pvt Ltd,Active,F ,500000.00,INE879F14MA6,Commercial Papers,,,,,
730616,Kotak Mahindra Prime Limited,KMPL211125,Kotak Mahindra Prime Ltd,Active,F ,500000.00,INE916D146C9,Commercial Papers,,,,,
730623,STANDARD CHARTERED CAPITAL LIMITED,SCCL211125,STANDARD CHARTERED CAPITAL Ltd,Active,F ,500000.00,INE403G14TV4,Commercial Papers,,,,,
730634,SATIN CREDITCARE NETWORK LIMITED,SCN211125,SATIN CREDITCARE NETWORK Ltd,Active,F ,500000.00,INE836B14333,Commercial Papers,,,,,
730635,NUVAMA CUSTODIAL SERVICES LIMITED,NCS211125,NUVAMA CUSTODIAL SERVICES Ltd,Active,F ,500000.00,INE0H3Q14014,Commercial Papers,,,,,
730636,STANDARD CHARTERED CAPITAL LIMITED,SCCL241125,STANDARD CHARTERED CAPITAL Ltd,Active,F ,500000.00,INE403G14TW2,Commercial Papers,,,,,
730638,Nuvama Wealth and Investment Limited,NWIL241125,Nuvama Wealth and Investment Ltd,Active,F ,500000.00,INE523L14AR7,Commercial Papers,,,,,
730641,360 ONE WAM LIMITED,OWL241125,360 ONE WAM Ltd,Active,F ,500000.00,INE466L14FH9,Commercial Papers,,,,,
730644,Infina Finance Private Limited,IFL241125,Infina Finance Pvt Ltd,Active,F ,500000.00,INE879F14MB4,Commercial Papers,,,,,
730651,Navi Finserv Limited,NFL251125,Navi Finserv Ltd,Active,F ,500000.00,INE342T14FD4,Commercial Papers,,,,,
730662,Manappuram Finance Limited,MFL261125,Manappuram Finance Ltd,Active,F ,500000.00,INE522D14OY3,Commercial Papers,,,,,
730669,Navi Finserv Limited,NFL281125,Navi Finserv Ltd,Active,F ,500000.00,INE342T14FE2,Commercial Papers,,,,,
730679,Adani Enterprises Ltd.,AEL281125,AEL-27-11-26-CP,Active,F ,500000.00,INE423A14YP7,Commercial Papers,,,,,
730683,Capri Global Capital Limited,CGCL021225,Capri Global Capital Ltd,Active,F ,500000.00,INE180C14623,Commercial Papers,,,,,
730686,Adani Enterprises Ltd.,AEL21225,Adani Enterprises Ltd,Active,F ,500000.00,INE423A14YQ5,Commercial Papers,,,,,
730692,Julius Baer Capital (India) Private Limited,JBC031225,Julius Baer Capital (India) Pvt Ltd,Active,F ,500000.00,INE824H14SY5,Commercial Papers,,,,,
730694,360 ONE WAM LIMITED,OWL31225,360 ONE WAM Ltd,Active,F ,500000.00,INE466L14FK3,Commercial Papers,,,,,
730695,Manappuram Finance Limited,MFL031225,Manappuram Finance Ltd,Active,F ,500000.00,INE522D14OZ0,Commercial Papers,,,,,
730701,MUTHOOT FINCORP LIMITED,MFL031225B,MUTHOOT FINCORP Ltd,Active,F ,500000.00,INE549K14CG3,Commercial Papers,,,,,
730706,Infina Finance Private Limited,IFPL041225,Infina Finance Pvt Ltd,Active,F ,500000.00,INE879F14MC2,Commercial Papers,,,,,
730715,UGRO CAPITAL LIMITED,UCL51225,UGRO CAPITAL Ltd,Active,F ,500000.00,INE583D14766,Commercial Papers,,,,,
730735,InCred Financial Services Limited,IFSL091225,InCred Financial Services Ltd,Active,F ,500000.00,INE321N14364,Commercial Papers,,,,,
730738,Kotak Mahindra Prime Limited,KMPL101225,KMPL-24-11-26-CP,Active,F ,500000.00,INE916D146H8,Commercial Papers,,,,,
730739,Kotak Mahindra Prime Limited,KMP101225,KMPL-9-12-26-CP,Active,F ,500000.00,INE916D146I6,Commercial Papers,,,,,
730753,Mahindra Rural Housing Finance Limited,MRHF121225,Mahindra Rural Housing Finance Ltd,Active,F ,500000.00,INE950O14BY0,Commercial Papers,,,,,
730758,STANDARD CHARTERED SECURITIES (INDIA) LIMITED,SCSL121225,STANDARD CHARTERED SECURITIES (INDIA) Ltd,Active,F ,500000.00,INE472H14755,Commercial Papers,,,,,
730763,Krazybee Services Ltd,KSL111225,Krazybee Services Ltd,Active,F ,500000.00,INE07HK14417,Commercial Papers,,,,,
730772,Kotak Mahindra Investments Limited,KMIL151225,Kotak Mahindra Investments Ltd,Active,F ,500000.00,INE975F14C74,Commercial Papers,,,,,
730777,Infina Finance Private Limited,IFP151225,Infina Finance Pvt Ltd,Active,F ,500000.00,INE879F14ME8,Commercial Papers,,,,,
730784,Vertis Infrastructure Trust,VIT151225,Vertis Infrastructure Trust,Active,F ,500000.00,INE0KXY14055,Commercial Papers,,,,,
730786,Navi Finserv Limited,NFL161225,Navi Finserv Ltd,Active,F ,500000.00,INE342T14FF9,Commercial Papers,,,,,
730790,VIVRITI CAPITAL LIMITED,VCL161225,VIVRITI CAPITAL Ltd,Active,F ,500000.00,INE01HV14AH6,Commercial Papers,,,,,
730791,Julius Baer Capital (India) Private Limited,JBC171225,Julius Baer Capital (India) Pvt Ltd,Active,F ,500000.00,INE824H14TB1,Commercial Papers,,,,,
730794,Capri Global Capital Limited,CGCL171225,Capri Global Capital Ltd,Active,F ,500000.00,INE180C14631,Commercial Papers,,,,,
730795,SBICAP Securities Limited,SBI171225,SBICAP Securities Ltd,Active,F ,500000.00,INE212K14DB7,Commercial Papers,,,,,
730796,NUVAMA CLEARING SERVICES LIMITED,NCSL171225,NUVAMA CLEARING SERVICES Ltd,Active,F ,500000.00,INE525L14166,Commercial Papers,,,,,
730797,Axis Finance Limited,AFL171225,Axis Finance Ltd,Active,F ,500000.00,INE891K14PQ0,Commercial Papers,,,,,
730798,Bajaj Financial Securities Limited,BFSL171225,Bajaj Financial Securities Ltd,Active,F ,500000.00,INE01C314DZ6,Commercial Papers,,,,,
730800,DSP FINANCE PRIVATE LIMITED,DFPL171225,DSP FINANCE Pvt Ltd,Active,F ,500000.00,INE422H14172,Commercial Papers,,,,,
730803,Tata Housing Development Company Limited,THDC171225,Tata Housing Development Company Ltd,Active,F ,500000.00,INE582L14JC6,Commercial Papers,,,,,
730804,ECL Finance Limited,ECLF171225,ECL Finance Ltd,Active,F ,500000.00,INE804I14YH8,Commercial Papers,,,,,
730805,Avanse Financial Services Limited,AFSL171225,Avanse Financial Services Ltd,Active,F ,500000.00,INE087P14770,Commercial Papers,,,,,
730806,Julius Baer Capital (India) Private Limited,JBCP181225,Julius Baer Capital (India) Pvt Ltd,Active,F ,500000.00,INE824H14TC9,Commercial Papers,,,,,
730807,360 ONE Prime Limited,OPL171225,360 ONE Prime Ltd,Active,F ,500000.00,INE248U14SR4,Commercial Papers,,,,,
730808,OXYZO Financial Services Limited,OFSL171225,OXYZO Financial Services Ltd,Active,F ,500000.00,INE04VS14319,Commercial Papers,,,,,
730810,Infina Finance Private Limited,IFPL181225,Infina Finance Pvt Ltd,Active,F ,500000.00,INE879F14MF5,Commercial Papers,,,,,
730811,Navi Finserv Limited,NFL181225,Navi Finserv Ltd,Active,F ,500000.00,INE342T14FG7,Commercial Papers,,,,,
730812,MUTHOOT FINCORP LIMITED,MFL181225,MUTHOOT FINCORP Ltd,Active,F ,500000.00,INE549K14CH1,Commercial Papers,,,,,
730813,Capri Global Capital Limited,CGCL191225,Capri Global Capital Ltd,Active,F ,500000.00,INE180C14649,Commercial Papers,,,,,
730814,Reliance Retail Ventures Limited,RRVL181225,Reliance Retail Ventures Ltd,Active,F ,500000.00,INE929O14EM3,Commercial Papers,,,,,
730816,Northern Arc Capital Ltd.,NACL191225,Northern Arc Capital Ltd,Active,F ,500000.00,INE850M14CK3,Commercial Papers,,,,,
730817,Julius Baer Capital (India) Private Limited,JBC191225,Julius Baer Capital (India) Pvt Ltd,Active,F ,500000.00,INE824H14TD7,Commercial Papers,,,,,
730818,Redington Limited,RL191225,Redington Ltd,Active,F ,500000.00,INE891D14B11,Commercial Papers,,,,,
730819,SBICAP Securities Limited,SBI191225,SBICAP Securities Ltd,Active,F ,500000.00,INE212K14DC5,Commercial Papers,,,,,
730820,Reliance Jio Infocomm Limited,RJIL181225,RJIL-18-3-26-CP,Active,F ,500000.00,INE110L14UK6,Commercial Papers,,,,,
730824,Aditya Birla Lifestyle Brands Limited,ABLB191225,Aditya Birla Lifestyle Brands Ltd,Active,F ,500000.00,INE14LE14061,Commercial Papers,,,,,
730825,Navi Finserv Limited,NFL191225,Navi Finserv Ltd,Active,F ,500000.00,INE342T14FH5,Commercial Papers,,,,,
730826,MUTHOOT MCRED LIMITED,MM191225,Muthoot Mcred Ltd,Active,F ,500000.00,INE101Q14298,Commercial Papers,,,,,
730827,Infina Finance Private Limited,IFPL191225,Infina Finance Pvt Ltd,Active,F ,500000.00,INE879F14MG3,Commercial Papers,,,,,
730828,birla Group Holdings Private Limited,BGHP221225,birla Group Holdings Pvt Ltd,Active,F ,500000.00,INE09OL14IG1,Commercial Papers,,,,,
730829,IGH Holdings Private Limited,IHPL221225,IGH Holdings Pvt Ltd,Active,F ,500000.00,INE02FN14721,Commercial Papers,,,,,
730830,DSP FINANCE PRIVATE LIMITED,DSPF191225,DSP FINANCE Pvt Ltd,Active,F ,500000.00,INE422H14180,Commercial Papers,,,,,
730831,DSP FINANCE PRIVATE LIMITED,DSPF221225,DSP FINANCE Pvt Ltd,Active,F ,500000.00,INE422H14198,Commercial Papers,,,,,
730832,Tata Housing Development Company Limited,THDC191225,Tata Housing Development Company Ltd,Active,F ,500000.00,INE582L14JD4,Commercial Papers,,,,,
730833,Bajaj Financial Securities Limited,BFSL191225,Bajaj Financial Securities Ltd,Active,F ,500000.00,INE01C314EA7,Commercial Papers,,,,,
730834,Reliance Jio Infocomm Limited,RJIL191225,Reliance Jio Infocomm Ltd,Active,F ,500000.00,INE110L14UJ8,Commercial Papers,,,,,
730835,VIVRITI CAPITAL LIMITED,VCL191225,VIVRITI CAPITAL Ltd,Active,F ,500000.00,INE01HV14AI4,Commercial Papers,,,,,
730836,Reliance Retail Ventures Limited,RRVL191225,Reliance Retail Ventures Ltd,Active,F ,500000.00,INE929O14EN1,Commercial Papers,,,,,
730837,Bajaj Financial Securities Limited,BFSL221225,Bajaj Financial Securities Ltd,Active,F ,500000.00,INE01C314DY9,Commercial Papers,,,,,
730838,SBICAP Securities Limited,SBI221225,SBICAP Securities Ltd,Active,F ,500000.00,INE212K14DD3,Commercial Papers,,,,,
730839,Tata Housing Development Company Limited,THDC221225,Tata Housing Development Company Ltd,Active,F ,500000.00,INE582L14JE2,Commercial Papers,,,,,
730841,Julius Baer Capital (India) Private Limited,JBC231225,Julius Baer Capital (India) Pvt Ltd,Active,F ,500000.00,INE824H14TE5,Commercial Papers,,,,,
730842,360 ONE WAM LIMITED,OWL221225,360 ONE WAM Ltd,Active,F ,500000.00,INE466L14FN7,Commercial Papers,,,,,
730843,Bajaj Finance Limited,BFL221225,Bajaj Finance Ltd,Active,F ,500000.00,INE296A14E20,Commercial Papers,,,,,
730845,Time Technoplast Limited,TTL241225,Time Technoplast Ltd,Active,F ,500000.00,INE508G14IE9,Commercial Papers,,,,,
730846,SBICAP Securities Limited,SSL231225,SBICAP Securities Ltd,Active,F ,500000.00,INE212K14DE1,Commercial Papers,,,,,
730847,SEIL Energy India Limited,SEIL241225,SEIL Energy India Ltd,Active,F ,500000.00,INE460M14800,Commercial Papers,,,,,
730848,Solar Industries India Limited,SIIL231225,Solar Industries India Ltd,Active,F ,500000.00,INE343H14212,Commercial Papers,,,,,
730849,Redington Limited,RL241225,Redington Ltd,Active,F ,500000.00,INE891D14B29,Commercial Papers,,,,,
730850,Jio Credit Limited,JCL231225,Jio Credit Ltd,Active,F ,500000.00,INE282H14089,Commercial Papers,,,,,
730851,Ashoka Buildcon Limited,ABL231225,Ashoka Buildcon Ltd,Active,F ,500000.00,INE442H14485,Commercial Papers,,,,,
730852,Infina Finance Private Limited,IFPL241225,Infina Finance Pvt Ltd,Active,F ,500000.00,INE879F14MH1,Commercial Papers,,,,,
730853,Bharat Heavy Electricals Ltd.,BHEL261225,Bharat Heavy Electricals Ltd,Active,F ,500000.00,INE257A14AF0,Commercial Papers,,,,,
730854,Time Technoplast Limited,TTL261225,Time Technoplast Ltd,Active,F ,500000.00,INE508G14ID1,Commercial Papers,,,,,
730855,Muthoot Capital Services Ltd.,MCSL241225,Muthoot Capital Services Ltd,Active,F ,500000.00,INE296G14610,Commercial Papers,,,,,
730856,Avanse Financial Services Limited,AFSL241225,Avanse Financial Services Ltd,Active,F ,500000.00,INE087P14788,Commercial Papers,,,,,
730857,HT Media Ltd,HTML241225,HT Media Ltd,Active,F ,500000.00,INE501G14EN4,Commercial Papers,,,,,
730859,SBICAP Securities Limited,SSL241225,SBICAP Securities Ltd,Active,F ,500000.00,INE212K14DF8,Commercial Papers,,,,,
730860,Julius Baer Capital (India) Private Limited,JBCI261225,JBCPL-9-7-26-CP,Active,F ,500000.00,INE824H14TF2,Commercial Papers,,,,,
730862,HT Media Ltd,HML261225,HT Media Ltd,Active,F ,500000.00,INE501G14EO2,Commercial Papers,,,,,
730863,UGRO CAPITAL LIMITED,UCL261225,UGRO CAPITAL Ltd,Active,F ,500000.00,INE583D14790,Commercial Papers,,,,,
730864,DSP FINANCE PRIVATE LIMITED,DSPF261225,DSP FINANCE Pvt Ltd,Active,F ,500000.00,INE422H14206,Commercial Papers,,,,,
730865,CNH Industrial Capital (India) Private Limited,CNHI261225,CNH Industrial Capital (India) Pvt Ltd,Active,F ,500000.00,INE0P4D14259,Commercial Papers,,,,,
730866,SBICAP Securities Limited,SSL261225,SBICAP Securities Ltd,Active,F ,500000.00,INE212K14DG6,Commercial Papers,,,,,
730867,360 ONE WAM LIMITED,OWL261225,360 ONE WAM Ltd,Active,F ,500000.00,INE466L14FP2,Commercial Papers,,,,,
730868,Himadri Speciality Chemical Ltd.,HSCL261225,Himadri Speciality Chemical Ltd,Active,F ,500000.00,INE019C14664,Commercial Papers,,,,,
730870,Time Technoplast Limited,TTL291225,Time Technoplast Ltd,Active,F ,500000.00,INE508G14IF6,Commercial Papers,,,,,
730871,Kirloskar Ferrous Industries Ltd.,KFIL261225,Kirloskar Ferrous Industries Ltd,Active,F ,500000.00,INE884B14721,Commercial Papers,,,,,
730872,Avenue Supermarts Limited,ASL261225,Avenue Supermarts Ltd,Active,F ,500000.00,INE192R14303,Commercial Papers,,,,,
730873,MUTHOOT MCRED LIMITED,MML291225,Muthoot Mcred Ltd,Active,F ,500000.00,INE101Q14306,Commercial Papers,,,,,
730874,Time Technoplast Limited,TTL301225,Time Technoplast Ltd,Active,F ,500000.00,INE508G14IG4,Commercial Papers,,,,,
730877,Aarti Industries Ltd,AIL301225,Aarti Industries Ltd,Active,F ,500000.00,INE769A14AC1,Commercial Papers,,,,,
730879,Bajaj Financial Securities Limited,BFS291225,BFSL-10-4-26-CP,Active,F ,500000.00,INE01C314EC3,Commercial Papers,,,,,
730881,Capri Global Capital Limited,CGCL311225,Capri Global Capital Ltd,Active,F ,500000.00,INE180C14656,Commercial Papers,,,,,
730882,Reliance Jio Infocomm Limited,RJIL301225,Reliance Jio Infocomm Ltd,Active,F ,500000.00,INE110L14UM2,Commercial Papers,,,,,
730883,Lendingkart Finance Limited,LFL301225,Lendingkart Finance Ltd,Active,F ,500000.00,INE090W14218,Commercial Papers,,,,,
730886,Bajaj Housing Finance Limited,BHFL1126,Bajaj Housing Finance Ltd,Active,F ,500000.00,INE377Y14BV1,Commercial Papers,,,,,
730887,360 ONE Alternates Asset Management Limited,360OAA2126,360 ONE Alternates Asset Management Ltd,Active,F ,500000.00,INE0TQI14012,Commercial Papers,,,,,
730888,VIVRITI CAPITAL LIMITED,VCL212026,VIVRITI CAPITAL Ltd,Active,F ,500000.00,INE01HV14AJ2,Commercial Papers,,,,,
730889,STANDARD CHARTERED SECURITIES (INDIA) LIMITED,SCSL020126,SCSL-2-4-26-CP,Active,F ,500000.00,INE472H14763,Commercial Papers,,,,,
730890,Navi Finserv Limited,NFL05126,Navi Finserv Ltd,Active,F ,500000.00,INE342T14FI3,Commercial Papers,,,,,
730892,Reliance Retail Ventures Limited,RRVL06126,Reliance Retail Ventures Ltd,Active,F ,500000.00,INE929O14EO9,Commercial Papers,,,,,
730893,Nuvama Wealth Finance Limited,NWFL7126,Nuvama Wealth Finance Ltd,Active,F ,500000.00,INE918K14CX5,Commercial Papers,,,,,
730894,Kotak Mahindra Prime Limited,KMPL070126,Kotak Mahindra Prime Ltd,Active,F ,500000.00,INE916D146J4,Commercial Papers,,,,,
730895,Julius Baer Capital (India) Private Limited,JBCIPL7126,Julius Baer Capital (India) Pvt Ltd,Active,F ,500000.00,INE824H14TG0,Commercial Papers,,,,,
730896,ICICI HOME FINANCE COMPANY LIMITED,IHFC070126,ICICI HOME FINANCE COMPANY Ltd,Active,F ,500000.00,INE071G14HJ9,Commercial Papers,,,,,
730897,Muthoot Microfin Limited,MML070126,Muthoot Microfin Ltd,Active,F ,500000.00,INE046W14137,Commercial Papers,,,,,
730902,TATA STEEL LIMITED,TSL070126A,TATA STEEL Ltd,Active,F ,500000.00,INE081A14GL9,Commercial Papers,,,,,
730903,MUTHOOT MCRED LIMITED,MM070126,Muthoot Mcred Ltd,Active,F ,500000.00,INE101Q14314,Commercial Papers,,,,,
730904,Julius Baer Capital (India) Private Limited,JBC90126,Julius Baer Capital (India) Pvt Ltd,Active,F ,500000.00,INE824H14TH8,Commercial Papers,,,,,
730905,birla Group Holdings Private Limited,BGHPL9126,birla Group Holdings Pvt Ltd,Active,F ,500000.00,INE09OL14IH9,Commercial Papers,,,,,
730906,IGH Holdings Private Limited,IHPL090126,IGH Holdings Pvt Ltd,Active,F ,500000.00,INE02FN14739,Commercial Papers,,,,,
730908,Godrej Finance Limited,GFL8126,GFL-20-03-26-CP,Active,F ,500000.00,INE02KN14663,Commercial Papers,,,,,
730909,Avenue Supermarts Limited,ASL090126,Avenue Supermarts Ltd,Active,F ,500000.00,INE192R14311,Commercial Papers,,,,,
730911,MUTHOOT MCRED LIMITED,MML9126,Muthoot Mcred Ltd,Active,F ,500000.00,INE101Q14322,Commercial Papers,,,,,
730912,APL Apollo Tubes Limited,AATL090126,APL Apollo Tubes Ltd,Active,F ,500000.00,INE702C14CU6,Commercial Papers,,,,,
730913,Aditya Birla Housing Finance Limited,ABHF090126,Aditya Birla Housing Finance Ltd,Active,F ,500000.00,INE831R14FS8,Commercial Papers,,,,,
730915,360 ONE Alternates Asset Management Limited,360OAA9126,360 ONE Alternates Asset Management Ltd,Active,F ,500000.00,INE0TQI14020,Commercial Papers,,,,,
730916,VIVRITI CAPITAL LIMITED,VCL090126,VIVRITI CAPITAL Ltd,Active,F ,500000.00,INE01HV14AK0,Commercial Papers,,,,,
730917,KEC International Ltd.,KECIL12126,KEC International Ltd,Active,F ,500000.00,INE389H14LT4,Commercial Papers,,,,,
730918,KEC International Ltd.,KECI12126,KEC International Ltd,Active,F ,500000.00,INE389H14LU2,Commercial Papers,,,,,
730919,Aditya Birla Housing Finance Limited,ABH090126A,Aditya Birla Housing Finance Ltd,Active,F ,500000.00,INE831R14FR0,Commercial Papers,,,,,
730920,Julius Baer Capital (India) Private Limited,JBCIP13126,Julius Baer Capital (India) Pvt Ltd,Active,F ,500000.00,INE824H14TI6,Commercial Papers,,,,,
730921,SEIL Energy India Limited,SEIL140126,SEIL Energy India Ltd,Active,F ,500000.00,INE460M14818,Commercial Papers,,,,,
730923,Nuvama Wealth and Investment Limited,NWIL130126,Nuvama Wealth and Investment Ltd,Active,F ,500000.00,INE523L14AT3,Commercial Papers,,,,,
730924,Navi Finserv Limited,NFL140126,Navi Finserv Ltd,Active,F ,500000.00,INE342T14FJ1,Commercial Papers,,,,,
730925,Kotak Mahindra Prime Limited,KMPL16126,Kotak Mahindra Prime Ltd,Active,F ,500000.00,INE916D146K2,Commercial Papers,,,,,
730926,TATA STEEL LIMITED,TSL140126,TATA STEEL Ltd,Active,F ,500000.00,INE081A14GN5,Commercial Papers,,,,,
730927,Navi Finserv Limited,NFL160126,Navi Finserv Ltd,Active,F ,500000.00,INE342T14FK9,Commercial Papers,,,,,
730928,Navi Finserv Limited,NFL16126,Navi Finserv Ltd,Active,F ,500000.00,INE342T14FL7,Commercial Papers,,,,,
730929,Infina Finance Private Limited,IFPL160126,Infina Finance Pvt Ltd,Active,F ,500000.00,INE879F14MI9,Commercial Papers,,,,,
730930,POONAWALLA FINCORP LIMITED,PFL160126,POONAWALLA FINCORP Ltd,Active,F ,500000.00,INE511C14ZG1,Commercial Papers,,,,,
730931,POONAWALLA FINCORP LIMITED,PFL16126,POONAWALLA FINCORP Ltd,Active,F ,500000.00,INE511C14ZF3,Commercial Papers,,,,,
730932,Tata Housing Development Company Limited,THDC16126,Tata Housing Development Company Ltd,Active,F ,500000.00,INE582L14JH5,Commercial Papers,,,,,
730933,Krazybee Services Ltd,KSL16126,Krazybee Services Ltd,Active,F ,500000.00,INE07HK14433,Commercial Papers,,,,,
730934,Bajaj Finance Limited,BFL160126,Bajaj Finance Ltd,Active,F ,500000.00,INE296A14E38,Commercial Papers,,,,,
730935,360 ONE Alternates Asset Management Limited,OAAM160126,360 ONE Alternates Asset Management Ltd,Active,F ,500000.00,INE0TQI14038,Commercial Papers,,,,,
730936,ECL Finance Limited,EFL160126,ECL Finance Ltd,Active,F ,500000.00,INE804I14YI6,Commercial Papers,,,,,
730937,360 ONE Prime Limited,OPL190126,360 ONE Prime Ltd,Active,F ,500000.00,INE248U14ST0,Commercial Papers,,,,,
730938,Bajaj Finance Limited,BFL190126,Bajaj Finance Ltd,Active,F ,500000.00,INE296A14E46,Commercial Papers,,,,,
730939,Julius Baer Capital (India) Private Limited,JBCIP20126,Julius Baer Capital (India) Pvt Ltd,Active,F ,500000.00,INE824H14TJ4,Commercial Papers,,,,,
730940,Infina Finance Private Limited,IFPL190126,Infina Finance Pvt Ltd,Active,F ,500000.00,INE879F14MJ7,Commercial Papers,,,,,
730941,MUTHOOT FINCORP LIMITED,MFL190126,MUTHOOT FINCORP Ltd,Active,F ,500000.00,INE549K14CI9,Commercial Papers,,,,,
730942,360 ONE Alternates Asset Management Limited,OAAM20126,360 ONE Alternates Asset Management Ltd,Active,F ,500000.00,INE0TQI14046,Commercial Papers,,,,,
730944,birla Group Holdings Private Limited,BGHP210126,birla Group Holdings Pvt Ltd,Active,F ,500000.00,INE09OL14II7,Commercial Papers,,,,,
730947,Nuvama Wealth and Investment Limited,NWAL200126,Nuvama Wealth and Investment Ltd,Active,F ,500000.00,INE523L14AU1,Commercial Papers,,,,,
730948,360 ONE Prime Limited,OPL200126,360 ONE Prime Ltd,Active,F ,500000.00,INE248U14SU8,Commercial Papers,,,,,
730949,360 ONE Alternates Asset Management Limited,360OA21126,360 ONE Alternates Asset Management Ltd,Active,F ,500000.00,INE0TQI14053,Commercial Papers,,,,,
730950,Adani Enterprises Ltd.,AEL210126,Adani Enterprises Ltd,Active,F ,500000.00,INE423A14YV5,Commercial Papers,,,,,
730951,Mirae Asset Sharekhan Financial Services Limited,MASF210126,Mirae Asset Sharekhan Financial Services Ltd,Active,F ,500000.00,INE550X14AM6,Commercial Papers,,,,,
730953,Infina Finance Private Limited,IFPL220126,Infina Finance Pvt Ltd,Active,F ,500000.00,INE879F14MK5,Commercial Papers,,,,,
730955,IGH Holdings Private Limited,IIHPL230126,IGH Holdings Pvt Ltd,Active,F ,500000.00,INE02FN14747,Commercial Papers,,,,,
730956,MUTHOOT FINCORP LIMITED,MFL220126,MUTHOOT FINCORP Ltd,Active,F ,500000.00,INE549K14CJ7,Commercial Papers,,,,,
730957,360 ONE WAM LIMITED,OWL220126,360 ONE WAM Ltd,Active,F ,500000.00,INE466L14FR8,Commercial Papers,,,,,
730958,Krazybee Services Ltd,KSL220126,Krazybee Services Ltd,Active,F ,500000.00,INE07HK14458,Commercial Papers,,,,,
730959,360 ONE Alternates Asset Management Limited,OAAM220126,360 ONE Alternates Asset Management Ltd,Active,F ,500000.00,INE0TQI14061,Commercial Papers,,,,,
730960,Time Technoplast Limited,TTL230126,Time Technoplast Ltd,Active,F ,500000.00,INE508G14IH2,Commercial Papers,,,,,
730961,birla Group Holdings Private Limited,BGHP230126,birla Group Holdings Pvt Ltd,Active,F ,500000.00,INE09OL14IJ5,Commercial Papers,,,,,
730962,birla Group Holdings Private Limited,BGH230126,birla Group Holdings Pvt Ltd,Active,F ,500000.00,INE09OL14IL1,Commercial Papers,,,,,
730963,Tata Realty and Infrastructure Limited,TRIL23126,Tata Realty and Infrastructure Ltd,Active,F ,500000.00,INE371K14DE5,Commercial Papers,,,,,
730964,Navi Finserv Limited,NFL230126,Navi Finserv Ltd,Active,F ,500000.00,INE342T14FN3,Commercial Papers,,,,,
730965,birla Group Holdings Private Limited,BGHPL27126,birla Group Holdings Pvt Ltd,Active,F ,500000.00,INE09OL14IK3,Commercial Papers,,,,,
730966,L&T Metro Rail (Hyderabad) Limited,LTMR230126,L&T Metro Rail (Hyderabad) Ltd,Active,F ,500000.00,INE128M14AZ6,Commercial Papers,,,,,
730967,Adani Enterprises Ltd.,AEL230126,Adani Enterprises Ltd,Active,F ,500000.00,INE423A14YW3,Commercial Papers,,,,,
730968,Julius Baer Capital (India) Private Limited,JBCL270126,Julius Baer Capital (India) Pvt Ltd,Active,F ,500000.00,INE824H14TK2,Commercial Papers,,,,,
730970,Mahindra Rural Housing Finance Limited,MRHF27126,Mahindra Rural Housing Finance Ltd,Active,F ,500000.00,INE950O14CA8,Commercial Papers,,,,,
730971,Nuvama Wealth Finance Limited,NWFL27126,Nuvama Wealth Finance Ltd,Active,F ,500000.00,INE918K14CY3,Commercial Papers,,,,,
730972,Time Technoplast Limited,TTL28126,Time Technoplast Ltd,Active,F ,500000.00,INE508G14II0,Commercial Papers,,,,,
730973,360 ONE Prime Limited,OPL270126,360 ONE Prime Ltd,Active,F ,500000.00,INE248U14SV6,Commercial Papers,,,,,
730974,Bajaj Finance Limited,BFL270126,Bajaj Finance Ltd,Active,F ,500000.00,INE296A14E53,Commercial Papers,,,,,
730975,Nuvama Wealth and Investment Limited,NWIL270126,Nuvama Wealth and Investment Ltd,Active,F ,500000.00,INE523L14AY3,Commercial Papers,,,,,
730976,Nuvama Wealth and Investment Limited,NWL270126A,Nuvama Wealth and Investment Ltd,Active,F ,500000.00,INE523L14AW7,Commercial Papers,,,,,
730977,Julius Baer Capital (India) Private Limited,JBCIP28126,Julius Baer Capital (India) Pvt Ltd,Active,F ,500000.00,INE824H14TL0,Commercial Papers,,,,,
730978,360 ONE WAM LIMITED,OWL270126,360 ONE WAM Ltd,Active,F ,500000.00,INE466L14FS6,Commercial Papers,,,,,
730979,Bajaj Housing Finance Limited,BHFL270126,Bajaj Housing Finance Ltd,Active,F ,500000.00,INE377Y14BW9,Commercial Papers,,,,,
730980,Nuvama Wealth and Investment Limited,NWIL280126,Nuvama Wealth and Investment Ltd,Active,F ,500000.00,INE523L14AX5,Commercial Papers,,,,,
730981,Julius Baer Capital (India) Private Limited,JBC290126,Julius Baer Capital (India) Pvt Ltd,Active,F ,500000.00,INE824H14TM8,Commercial Papers,,,,,
730982,Bajaj Finance Limited,BFL280126,Bajaj Finance Ltd,Active,F ,500000.00,INE296A14E79,Commercial Papers,,,,,
730983,POONAWALLA FINCORP LIMITED,PFL28126,POONAWALLA FINCORP Ltd,Active,F ,500000.00,INE511C14ZH9,Commercial Papers,,,,,
730984,birla Group Holdings Private Limited,BGHP29126,birla Group Holdings Pvt Ltd,Active,F ,500000.00,INE09OL14IM9,Commercial Papers,,,,,
730985,360 ONE Alternates Asset Management Limited,360OA29126,360 ONE Alternates Asset Management Ltd,Active,F ,500000.00,INE0TQI14087,Commercial Papers,,,,,
730986,360 ONE Alternates Asset Management Limited,360O29126,360 ONE Alternates Asset Management Ltd,Active,F ,500000.00,INE0TQI14079,Commercial Papers,,,,,
730987,Bajaj Finance Limited,BFL29126,Bajaj Finance Ltd,Active,F ,500000.00,INE296A14E61,Commercial Papers,,,,,
730988,Pilani Investment And Industries Corporation Limited,PIICL30126,Pilani Investment And Industries Corporation Ltd,Active,F ,500000.00,INE417C14AK6,Commercial Papers,,,,,
730989,Gera Developments Private Limited,GDPL290126,Gera Developments Pvt Ltd,Active,F ,500000.00,INE965R14013,Commercial Papers,,,,,
730990,VIVRITI CAPITAL LIMITED,VCL29126,VIVRITI CAPITAL Ltd,Active,F ,500000.00,INE01HV14AO2,Commercial Papers,,,,,
730991,Kotak Mahindra Prime Limited,KMPL30126,Kotak Mahindra Prime Ltd,Active,F ,500000.00,INE916D146L0,Commercial Papers,,,,,
730993,Navi Finserv Limited,NFL30126,Navi Finserv Ltd,Active,F ,500000.00,INE342T14FO1,Commercial Papers,,,,,
730994,Tata Realty and Infrastructure Limited,TRIL300126,Tata Realty and Infrastructure Ltd,Active,F ,500000.00,INE371K14DG0,Commercial Papers,,,,,
730995,Axis Finance Limited,AFL30126,Axis Finance Ltd,Active,F ,500000.00,INE891K14PR8,Commercial Papers,,,,,
730996,Axis Finance Limited,AFL300126,Axis Finance Ltd,Active,F ,500000.00,INE891K14PS6,Commercial Papers,,,,,
730997,Tata Realty and Infrastructure Limited,TRIL30126,Tata Realty and Infrastructure Ltd,Active,F ,500000.00,INE371K14DF2,Commercial Papers,,,,,
730998,Bajaj Finance Limited,BFL300126,Bajaj Finance Ltd,Active,F ,500000.00,INE296A14E87,Commercial Papers,,,,,
730999,Mirae Asset Sharekhan Financial Services Limited,MASF300126,Mirae Asset Sharekhan Financial Services Ltd,Active,F ,500000.00,INE550X14AN4,Commercial Papers,,,,,
731000,birla Group Holdings Private Limited,BGHPL02226,birla Group Holdings Pvt Ltd,Active,F ,500000.00,INE09OL14IN7,Commercial Papers,,,,,
731001,Network 18 Media & Investments Limited,NMIL020226,NMIL-4-5-26-CP,Active,F ,500000.00,INE870H14WN3,Commercial Papers,,,,,
731003,Bajaj Finance Limited,BFL020226,Bajaj Finance Ltd,Active,F ,500000.00,INE296A14E95,Commercial Papers,,,,,
731004,Network 18 Media & Investments Limited,NMIL030226,Network 18 Media & Investments Ltd,Active,F ,500000.00,INE870H14WO1,Commercial Papers,,,,,
731005,POONAWALLA FINCORP LIMITED,PFL020226,POONAWALLA FINCORP Ltd,Active,F ,500000.00,INE511C14ZI7,Commercial Papers,,,,,
731006,Bajaj Finance Limited,BFL030226,Bajaj Finance Ltd,Active,F ,500000.00,INE296A14F03,Commercial Papers,,,,,
731008,Nuvama Wealth Finance Limited,NWFL030226,NWFL-5-5-26-CP,Active,F ,500000.00,INE918K14DA1,Commercial Papers,,,,,
731009,Nuvama Wealth Finance Limited,NWF030226,NWFL-3-2-27-CP,Active,F ,500000.00,INE918K14CZ0,Commercial Papers,,,,,
731010,Aditya Birla Housing Finance Limited,ABHF030226,ABHFL-5-5-26-CP,Active,F ,500000.00,INE831R14FT6,Commercial Papers,,,,,
731012,Bajaj Finance Limited,BFL040226,Bajaj Finance Ltd,Active,F ,500000.00,INE296A14F11,Commercial Papers,,,,,
731013,birla Group Holdings Private Limited,BGHP50226,birla Group Holdings Pvt Ltd,Active,F ,500000.00,INE09OL14IO5,Commercial Papers,,,,,
731014,Bajaj Financial Securities Limited,BFSL040226,Bajaj Financial Securities Ltd,Active,F ,500000.00,INE01C314EF6,Commercial Papers,,,,,
731015,Nuvama Wealth Management Limited,NWML040226,Nuvama Wealth Management Ltd,Active,F ,500000.00,INE531F14FM2,Commercial Papers,,,,,
731016,Adani Enterprises Ltd.,AEL040226,Adani Enterprises Ltd,Active,F ,500000.00,INE423A14YX1,Commercial Papers,,,,,
731017,ECL Finance Limited,ECLF40226,ECL Finance Ltd,Active,F ,500000.00,INE804I14YJ4,Commercial Papers,,,,,
731018,Infina Finance Private Limited,IFPL040226,Infina Finance Pvt Ltd,Active,F ,500000.00,INE879F14MM1,Commercial Papers,,,,,
731019,Avanse Financial Services Limited,AFSL040226,Avanse Financial Services Ltd,Active,F ,500000.00,INE087P14796,Commercial Papers,,,,,
731020,Infina Finance Private Limited,IFP040226,Infina Finance Pvt Ltd,Active,F ,500000.00,INE879F14ML3,Commercial Papers,,,,,
731021,Bajaj Housing Finance Limited,BHFL040226,Bajaj Housing Finance Ltd,Active,F ,500000.00,INE377Y14BX7,Commercial Papers,,,,,
731022,STANDARD CHARTERED SECURITIES (INDIA) LIMITED,SCSL050226,STANDARD CHARTERED SECURITIES (INDIA) Ltd,Active,F ,500000.00,INE472H14771,Commercial Papers,,,,,
731024,360 ONE Prime Limited,OPL50226,360 ONE Prime Ltd,Active,F ,500000.00,INE248U14SW4,Commercial Papers,,,,,
731025,birla Group Holdings Private Limited,BGHP60226,birla Group Holdings Pvt Ltd,Active,F ,500000.00,INE09OL14IP2,Commercial Papers,,,,,
731026,Pilani Investment And Industries Corporation Limited,PIICL6226,Pilani Investment And Industries Corporation Ltd,Active,F ,500000.00,INE417C14AL4,Commercial Papers,,,,,
731027,Godrej Housing Finance Limited,GHFL6226,Godrej Housing Finance Ltd,Active,F ,500000.00,INE02JD14724,Commercial Papers,,,,,
731028,VIVRITI CAPITAL LIMITED,VCL050226,VIVRITI CAPITAL Ltd,Active,F ,500000.00,INE01HV14AP9,Commercial Papers,,,,,
731029,Aditya Birla Housing Finance Limited,ABHFL50226,Aditya Birla Housing Finance Ltd,Active,F ,500000.00,INE831R14FU4,Commercial Papers,,,,,
731030,360 ONE Alternates Asset Management Limited,OAAM050226,360 ONE Alternates Asset Management Ltd,Active,F ,500000.00,INE0TQI14103,Commercial Papers,,,,,
731031,DSP FINANCE PRIVATE LIMITED,DFPL050226,DSP FINANCE Pvt Ltd,Active,F ,500000.00,INE422H14214,Commercial Papers,,,,,
731032,KEC International Ltd.,KIL060226,KEC International Ltd,Active,F ,500000.00,INE389H14LV0,Commercial Papers,,,,,
731033,Nexus Select Trust,NST050226,Nexus Select Trust,Active,F ,500000.00,INE0NDH14130,Commercial Papers,,,,,
731034,360 ONE Alternates Asset Management Limited,OAAML60226,360 ONE Alternates Asset Management Ltd,Active,F ,500000.00,INE0TQI14111,Commercial Papers,,,,,
731035,POONAWALLA FINCORP LIMITED,PFL060226,POONAWALLA FINCORP Ltd,Active,F ,500000.00,INE511C14ZJ5,Commercial Papers,,,,,
731036,360 ONE Prime Limited,OPL60226,360 ONE Prime Ltd,Active,F ,500000.00,INE248U14SX2,Commercial Papers,,,,,
731037,KEC International Ltd.,KIL090226,KEC International Ltd,Active,F ,500000.00,INE389H14LW8,Commercial Papers,,,,,
731038,360 ONE WAM LIMITED,OWL060226,360 ONE WAM Ltd,Active,F ,500000.00,INE466L14FT4,Commercial Papers,,,,,
731039,Nuvama Wealth Finance Limited,NWFL060226,Nuvama Wealth Finance Ltd,Active,F ,500000.00,INE918K14DB9,Commercial Papers,,,,,
731040,Tata Power Co. Ltd,TPCL090226,Tata Power Co Ltd,Active,F ,500000.00,INE245A14KS7,Commercial Papers,,,,,
731041,Nexus Select Trust,NST060226,Nexus Select Trust,Active,F ,500000.00,INE0NDH14148,Commercial Papers,,,,,
731042,Kotak Mahindra Prime Limited,KMPL09226,Kotak Mahindra Prime Ltd,Active,F ,500000.00,INE916D146M8,Commercial Papers,,,,,
731043,MUTHOOT FINCORP LIMITED,MFL06226,MUTHOOT FINCORP Ltd,Active,F ,500000.00,INE549K14CK5,Commercial Papers,,,,,
731044,NLC India Limited,NIL060226,NLC India Ltd,Active,F ,500000.00,INE589A14405,Commercial Papers,,,,,
731045,MUTHOOT FINCORP LIMITED,MFL060226,MUTHOOT FINCORP Ltd,Active,F ,500000.00,INE549K14CL3,Commercial Papers,,,,,
731047,KEC International Ltd.,KIL100226,KEC International Ltd,Active,F ,500000.00,INE389H14LX6,Commercial Papers,,,,,
731048,Godrej Housing Finance Limited,GHFL090226,Godrej Housing Finance Ltd,Active,F ,500000.00,INE02JD14732,Commercial Papers,,,,,
731049,STANDARD CHARTERED SECURITIES (INDIA) LIMITED,SCSIL9226,STANDARD CHARTERED SECURITIES (INDIA) Ltd,Active,F ,500000.00,INE472H14789,Commercial Papers,,,,,
731050,Bajaj Housing Finance Limited,BHFL09226,Bajaj Housing Finance Ltd,Active,F ,500000.00,INE377Y14BY5,Commercial Papers,,,,,
731051,birla Group Holdings Private Limited,BGHPL10226,BGHPL-10-02-27-CP,Active,F ,500000.00,INE09OL14IQ0,Commercial Papers,,,,,
731052,Julius Baer Capital (India) Private Limited,JBCIP10226,JBCIPL-12-05-26-CP,Active,F ,500000.00,INE824H14TN6,Commercial Papers,,,,,
731053,Mirae Asset Financial Services (India) Private Limited,MAFS090226,MAFSPL-11-5-26-CP,Active,F ,500000.00,INE0JRU14370,Commercial Papers,,,,,
731054,ICICI HOME FINANCE COMPANY LIMITED,IHFC100226,IHFCL-12-5-26-CP,Active,F ,500000.00,INE071G14HK7,Commercial Papers,,,,,
731055,birla Group Holdings Private Limited,BGHP11226,birla Group Holdings Pvt Ltd,Active,F ,500000.00,INE09OL14IR8,Commercial Papers,,,,,
731056,360 ONE Alternates Asset Management Limited,OAAM10226,360 ONE Alternates Asset Management Ltd,Active,F ,500000.00,INE0TQI14129,Commercial Papers,,,,,
731057,Nuvama Wealth and Investment Limited,NWIL10226,Nuvama Wealth and Investment Ltd,Active,F ,500000.00,INE523L14BA1,Commercial Papers,,,,,
731058,Aditya Birla Housing Finance Limited,ABHF10226,Aditya Birla Housing Finance Ltd,Active,F ,500000.00,INE831R14FV2,Commercial Papers,,,,,
731059,Network 18 Media & Investments Limited,NMIL110226,Network 18 Media & Investments Ltd,Active,F ,500000.00,INE870H14WQ6,Commercial Papers,,,,,
731060,Network 18 Media & Investments Limited,NMIL100226,Network 18 Media & Investments Ltd,Active,F ,500000.00,INE870H14WP8,Commercial Papers,,,,,
731061,Julius Baer Capital (India) Private Limited,JBC110226,Julius Baer Capital (India) Pvt Ltd,Active,F ,500000.00,INE824H14TO4,Commercial Papers,,,,,
731062,Larsen & Toubro Limited,LTL100226,Larsen & Toubro Ltd,Active,F ,500000.00,INE018A14LT4,Commercial Papers,,,,,
731063,Mahindra Lifespace Developers Ltd.,MLDL100226,Mahindra Lifespace Developers Ltd,Active,F ,500000.00,INE813A14425,Commercial Papers,,,,,
731064,360 ONE WAM LIMITED,OWL100226,360 ONE WAM Ltd,Active,F ,500000.00,INE466L14FU2,Commercial Papers,,,,,
731065,ADITYA BIRLA REAL ESTATE LIMITED,ABREL10226,ADITYA BIRLA REAL ESTATE Ltd,Active,F ,500000.00,INE055A14KL5,Commercial Papers,,,,,
731066,Time Technoplast Limited,TTL110226,Time Technoplast Ltd,Active,F ,500000.00,INE508G14IJ8,Commercial Papers,,,,,
731067,Adani Enterprises Ltd.,AEL100226,Adani Enterprises Ltd,Active,F ,500000.00,INE423A14YY9,Commercial Papers,,,,,
731068,360 ONE Prime Limited,360OP10226,360 ONE Prime Ltd,Active,F ,500000.00,INE248U14SY0,Commercial Papers,,,,,
731070,ECL Finance Limited,ECLF10226,ECL Finance Ltd,Active,F ,500000.00,INE804I14YK2,Commercial Papers,,,,,
731072,Reliance Retail Ventures Limited,RRVL110226,Reliance Retail Ventures Ltd,Active,F ,500000.00,INE929O14EQ4,Commercial Papers,,,,,
731073,Network 18 Media & Investments Limited,NMIL12226,Network 18 Media & Investments Ltd,Active,F ,500000.00,INE870H14WR4,Commercial Papers,,,,,
731074,A.K.Capital Services Ltd.,AKCS110226,AKCapital Services Ltd,Active,F ,500000.00,INE701G14346,Commercial Papers,,,,,
731075,JSW Energy Limited,JSWEL12229,JSW Energy Ltd,Active,F ,500000.00,INE121E14417,Commercial Papers,,,,,
731076,VIVRITI CAPITAL LIMITED,VCL120226,VIVRITI CAPITAL Ltd,Active,F ,500000.00,INE01HV14AR5,Commercial Papers,,,,,
731077,VIVRITI CAPITAL LIMITED,VCL120226A,VIVRITI CAPITAL Ltd,Active,F ,500000.00,INE01HV14AT1,Commercial Papers,,,,,
731078,VIVRITI CAPITAL LIMITED,VCL120226B,VIVRITI CAPITAL Ltd,Active,F ,500000.00,INE01HV14AS3,Commercial Papers,,,,,
731079,Bajaj Financial Securities Limited,BFSL120226,Bajaj Financial Securities Ltd,Active,F ,500000.00,INE01C314EG4,Commercial Papers,,,,,
731080,Time Technoplast Limited,TTL130226,Time Technoplast Ltd,Active,F ,500000.00,INE508G14IK6,Commercial Papers,,,,,
731081,Reliance Retail Ventures Limited,RRVL12226,Reliance Retail Ventures Ltd,Active,F ,500000.00,INE929O14ER2,Commercial Papers,,,,,
731083,Godrej Housing Finance Limited,GHFL13226,Godrej Housing Finance Ltd,Active,F ,500000.00,INE02JD14740,Commercial Papers,,,,,
731084,APL Apollo Tubes Limited,AATL120226,APL Apollo Tubes Ltd,Active,F ,500000.00,INE702C14CV4,Commercial Papers,,,,,
731085,Larsen & Toubro Limited,LTL130226,Larsen & Toubro Ltd,Active,F ,500000.00,INE018A14LU2,Commercial Papers,,,,,
731086,Nuvama Wealth and Investment Limited,NWIL130226,Nuvama Wealth and Investment Ltd,Active,F ,500000.00,INE523L14BB9,Commercial Papers,,,,,
731087,Julius Baer Capital (India) Private Limited,JBCIP13226,Julius Baer Capital (India) Pvt Ltd,Active,F ,500000.00,INE824H14TP1,Commercial Papers,,,,,
731088,Network 18 Media & Investments Limited,N18MI13226,Network 18 Media & Investments Ltd,Active,F ,500000.00,INE870H14WS2,Commercial Papers,,,,,
731089,Nuvama Wealth Finance Limited,NWFL12226,Nuvama Wealth Finance Ltd,Active,F ,500000.00,INE918K14DC7,Commercial Papers,,,,,
731090,L&T Metro Rail (Hyderabad) Limited,LTMRH12226,L&T Metro Rail (Hyderabad) Ltd,Active,F ,500000.00,INE128M14BA7,Commercial Papers,,,,,
731091,Axis Finance Limited,AFL120226,Axis Finance Ltd,Active,F ,500000.00,INE891K14PT4,Commercial Papers,,,,,
731092,DSP FINANCE PRIVATE LIMITED,DFPL13226,DSP FINANCE Pvt Ltd,Active,F ,500000.00,INE422H14222,Commercial Papers,,,,,
731093,Grasim Industries Ltd,GIL130226,Grasim Industries Ltd,Active,F ,500000.00,INE047A14AS8,Commercial Papers,,,,,
731094,Bajaj Financial Securities Limited,BFSL13226,Bajaj Financial Securities Ltd,Active,F ,500000.00,INE01C314EJ8,Commercial Papers,,,,,
731095,Navi Finserv Limited,NFL130226,Navi Finserv Ltd,Active,F ,500000.00,INE342T14FQ6,Commercial Papers,,,,,
731096,Navi Finserv Limited,NFL13226,Navi Finserv Ltd,Active,F ,500000.00,INE342T14FP8,Commercial Papers,,,,,
731097,Infina Finance Private Limited,IFPL13226,Infina Finance Pvt Ltd,Active,F ,500000.00,INE879F14MN9,Commercial Papers,,,,,
731098,Bajaj Financial Securities Limited,BFSL130226,Bajaj Financial Securities Ltd,Active,F ,500000.00,INE01C314EI0,Commercial Papers,,,,,
731099,ICICI HOME FINANCE COMPANY LIMITED,IHFC16226,ICICI HOME FINANCE COMPANY Ltd,Active,F ,500000.00,INE071G14HL5,Commercial Papers,,,,,
731100,APL Apollo Tubes Limited,AATL130226,APL Apollo Tubes Ltd,Active,F ,500000.00,INE702C14CW2,Commercial Papers,,,,,
731101,IGH Holdings Private Limited,IHP160226,IGH Holdings Pvt Ltd,Active,F ,500000.00,INE02FN14754,Commercial Papers,,,,,
731102,POONAWALLA FINCORP LIMITED,PFL130226,POONAWALLA FINCORP Ltd,Active,F ,500000.00,INE511C14ZK3,Commercial Papers,,,,,
731103,Manappuram Finance Limited,MFL130226,Manappuram Finance Ltd,Active,F ,500000.00,INE522D14PD4,Commercial Papers,,,,,
731104,STANDARD CHARTERED SECURITIES (INDIA) LIMITED,SCSL130226,STANDARD CHARTERED SECURITIES (INDIA) Ltd,Active,F ,500000.00,INE472H14797,Commercial Papers,,,,,
731105,Julius Baer Capital (India) Private Limited,JBCP160226,Julius Baer Capital (India) Pvt Ltd,Active,F ,500000.00,INE824H14TQ9,Commercial Papers,,,,,
731106,DSP FINANCE PRIVATE LIMITED,DFPL16226,DSP FINANCE Pvt Ltd,Active,F ,500000.00,INE422H14230,Commercial Papers,,,,,
731107,360 ONE Prime Limited,OPL160226,360 ONE Prime Ltd,Active,F ,500000.00,INE248U14SZ7,Commercial Papers,,,,,
731108,360 ONE Prime Limited,OPL160226A,360 ONE Prime Ltd,Active,F ,500000.00,INE248U14TA8,Commercial Papers,,,,,
731110,Aditya Birla Housing Finance Limited,ABHF160226,Aditya Birla Housing Finance Ltd,Active,F ,500000.00,INE831R14FW0,Commercial Papers,,,,,
731111,L&T Metro Rail (Hyderabad) Limited,LTMR17226,L&T Metro Rail (Hyderabad) Ltd,Active,F ,500000.00,INE128M14BB5,Commercial Papers,,,,,
731112,Ashoka Buildcon Limited,ABL160226,Ashoka Buildcon Ltd,Active,F ,500000.00,INE442H14519,Commercial Papers,,,,,
731113,ECL Finance Limited,ECLFL16226,ECL Finance Ltd,Active,F ,500000.00,INE804I14YL0,Commercial Papers,,,,,
731114,Jamnagar Utilities & Power Private Limited,JUPPL17226,Jamnagar Utilities & Power Pvt Ltd,Active,F ,500000.00,INE936D14402,Commercial Papers,,,,,
731115,Tata Power Co. Ltd,TPCL160226,Tata Power Co Ltd,Active,F ,500000.00,INE245A14KT5,Commercial Papers,,,,,
731116,Bajaj Financial Securities Limited,BFSL160226,Bajaj Financial Securities Ltd,Active,F ,500000.00,INE01C314EH2,Commercial Papers,,,,,
731117,Manappuram Finance Limited,MFL16226,MFL-18-05-26-CP,Active,F ,500000.00,INE522D14PE2,Commercial Papers,,,,,
731118,360 ONE Alternates Asset Management Limited,360OA16226,360 ONE Alternates Asset Management Ltd,Active,F ,500000.00,INE0TQI14145,Commercial Papers,,,,,
731119,Bajaj Financial Securities Limited,BFSL17226,Bajaj Financial Securities Ltd,Active,F ,500000.00,INE01C314EK6,Commercial Papers,,,,,
731120,The Bombay Burmah Trading Corporation Ltd.,TBTC170226,The Bombay Burmah Trading Corporation Ltd,Active,F ,500000.00,INE050A14903,Commercial Papers,,,,,
731121,Time Technoplast Limited,TTL180226,Time Technoplast Ltd,Active,F ,500000.00,INE508G14IL4,Commercial Papers,,,,,
731122,360 ONE Prime Limited,OPL170226,360 ONE Prime Ltd,Active,F ,500000.00,INE248U14TB6,Commercial Papers,,,,,
731123,IGH Holdings Private Limited,IHPL180226,IGH Holdings Pvt Ltd,Active,F ,500000.00,INE02FN14762,Commercial Papers,,,,,
731124,INTERISE TRUST,IT170226,INTERISE TRUST,Active,F ,500000.00,INE790Z14042,Commercial Papers,,,,,
731125,Krazybee Services Ltd,KSL170226,Krazybee Services Ltd,Active,F ,500000.00,INE07HK14466,Commercial Papers,,,,,
731126,ICICI HOME FINANCE COMPANY LIMITED,IHFC180226,ICICI HOME FINANCE COMPANY Ltd,Active,F ,500000.00,INE071G14HM3,Commercial Papers,,,,,
731127,Julius Baer Capital (India) Private Limited,JBCP180226,Julius Baer Capital (India) Pvt Ltd,Active,F ,500000.00,INE824H14TR7,Commercial Papers,,,,,
731128,Bajaj Financial Securities Limited,BFSL170226,BFSL-17-6-26-CP,Active,F ,500000.00,INE01C314EL4,Commercial Papers,,,,,
731129,360 ONE Alternates Asset Management Limited,AAML180226,360 ONE Alternates Asset Management Ltd,Active,F ,500000.00,INE0TQI14178,Commercial Papers,,,,,
731130,360 ONE Alternates Asset Management Limited,AAML18226,360 ONE Alternates Asset Management Ltd,Active,F ,500000.00,INE0TQI14137,Commercial Papers,,,,,
731131,360 ONE Alternates Asset Management Limited,OAAM180226,360 ONE Alternates Asset Management Ltd,Active,F ,500000.00,INE0TQI14160,Commercial Papers,,,,,
731132,360 ONE Alternates Asset Management Limited,OAAM18226,360 ONE Alternates Asset Management Ltd,Active,F ,500000.00,INE0TQI14152,Commercial Papers,,,,,
731133,SBICAP Securities Limited,SSL180226,SBICAP Securities Ltd,Active,F ,500000.00,INE212K14DI2,Commercial Papers,,,,,
731134,Aadhar Housing Finance Limited,AHFL18226,Aadhar Housing Finance Ltd,Active,F ,500000.00,INE883F14138,Commercial Papers,,,,,
731135,DSP FINANCE PRIVATE LIMITED,DFPL180226,DSP FINANCE Pvt Ltd,Active,F ,500000.00,INE422H14248,Commercial Papers,,,,,
731136,Can Fin Homes Ltd.,CFHL180226,Can Fin Homes Ltd,Active,F ,500000.00,INE477A14EC3,Commercial Papers,,,,,
731137,Mirae Asset Financial Services (India) Private Limited,MAFS180226,Mirae Asset Financial Services (India) Pvt Ltd,Active,F ,500000.00,INE0JRU14388,Commercial Papers,,,,,
731138,Godrej Housing Finance Limited,GHFL180226,Godrej Housing Finance Ltd,Active,F ,500000.00,INE02JD14757,Commercial Papers,,,,,
731139,Reliance Retail Ventures Limited,RRVL180226,Reliance Retail Ventures Ltd,Active,F ,500000.00,INE929O14ES0,Commercial Papers,,,,,
731140,ADITYA BIRLA REAL ESTATE LIMITED,ABRE180226,ADITYA BIRLA REAL ESTATE Ltd,Active,F ,500000.00,INE055A14KM3,Commercial Papers,,,,,
731141,POONAWALLA FINCORP LIMITED,PFL180226,POONAWALLA FINCORP Ltd,Active,F ,500000.00,INE511C14ZL1,Commercial Papers,,,,,
731142,Godrej Finance Limited,GFL180226,Godrej Finance Ltd,Active,F ,500000.00,INE02KN14671,Commercial Papers,,,,,
731143,360 ONE WAM LIMITED,OWL180226,360 ONE WAM Ltd,Active,F ,500000.00,INE466L14FV0,Commercial Papers,,,,,
731144,VIVRITI CAPITAL LIMITED,VCL18226,VIVRITI CAPITAL Ltd,Active,F ,500000.00,INE01HV14AU9,Commercial Papers,,,,,
731145,IGH Holdings Private Limited,IGHHP20226,IGH Holdings Pvt Ltd,Active,F ,500000.00,INE02FN14770,Commercial Papers,,,,,
731146,Pilani Investment And Industries Corporation Limited,PILANI INVE,Pilani Investment And Industries Corporation Ltd,Active,F ,500000.00,INE417C14AM2,Commercial Papers,,,,,
731147,L&T Metro Rail (Hyderabad) Limited,LTMRH20226,L&T Metro Rail (Hyderabad) Ltd,Active,F ,500000.00,INE128M14BC3,Commercial Papers,,,,,
731148,Tata Power Co. Ltd,TPCL200226,Tata Power Co Ltd,Active,F ,500000.00,INE245A14KU3,Commercial Papers,,,,,
731149,IGH Holdings Private Limited,IHPL200226,IGH Holdings Pvt Ltd,Active,F ,500000.00,INE02FN14788,Commercial Papers,,,,,
731150,TATA STEEL LIMITED,TSL200226,TATA STEEL Ltd,Active,F ,500000.00,INE081A14GP0,Commercial Papers,,,,,
731151,SBICAP Securities Limited,SBISL20226,SBICAP Securities Ltd,Active,F ,500000.00,INE212K14DH4,Commercial Papers,,,,,
731152,SBICAP Securities Limited,SBICA20226,SBICAP Securities Ltd,Active,F ,500000.00,INE212K14DJ0,Commercial Papers,,,,,
731153,CNH Industrial Capital (India) Private Limited,CICP200226,CNH Industrial Capital (India) Pvt Ltd,Active,F ,500000.00,INE0P4D14267,Commercial Papers,,,,,
731154,Mahindra Lifespace Developers Ltd.,MLDL20026,Mahindra Lifespace Developers Ltd,Active,F ,500000.00,INE813A14433,Commercial Papers,,,,,
731155,ICICI HOME FINANCE COMPANY LIMITED,IHFC230226,ICICI HOME FINANCE COMPANY Ltd,Active,F ,500000.00,INE071G14HN1,Commercial Papers,,,,,
731156,Fedbank Financial Services Limited,FFSL20226,Fedbank Financial Services Ltd,Active,F ,500000.00,INE007N14EQ1,Commercial Papers,,,,,
731157,Reliance Retail Ventures Limited,RRVL200226,Reliance Retail Ventures Ltd,Active,F ,500000.00,INE929O14ET8,Commercial Papers,,,,,
731158,Navi Finserv Limited,NFL200226,Navi Finserv Ltd,Active,F ,500000.00,INE342T14FR4,Commercial Papers,,,,,
731159,TATA STEEL LIMITED,TSL200226A,TATA STEEL Ltd,Active,F ,500000.00,INE081A14GQ8,Commercial Papers,,,,,
731160,Julius Baer Capital (India) Private Limited,JBC230226,Julius Baer Capital (India) Pvt Ltd,Active,F ,500000.00,INE824H14TS5,Commercial Papers,,,,,
731161,DSP FINANCE PRIVATE LIMITED,DFPL200226,DSP FINANCE Pvt Ltd,Active,F ,500000.00,INE422H14255,Commercial Papers,,,,,
731162,JSW Energy Limited,JEL230226,JSW Energy Ltd,Active,F ,500000.00,INE121E14425,Commercial Papers,,,,,
731163,360 ONE WAM LIMITED,OWL20226,360 ONE WAM Ltd,Active,F ,500000.00,INE466L14FW8,Commercial Papers,,,,,
731164,360 ONE Prime Limited,OPL20226,360 ONE Prime Ltd,Active,F ,500000.00,INE248U14TC4,Commercial Papers,,,,,
731165,Tata Power Co. Ltd,TPCL23226,TPCL-18-03-26-CP,Active,F ,500000.00,INE245A14KV1,Commercial Papers,,,,,
731166,NLC India Limited,NIL200226,NIL-23-3-26-CP,Active,F ,500000.00,INE589A14421,Commercial Papers,,,,,
731167,Bajaj Housing Finance Limited,BHFL23226,Bajaj Housing Finance Ltd,Active,F ,500000.00,INE377Y14BZ2,Commercial Papers,,,,,
731168,birla Group Holdings Private Limited,BGHP240226,birla Group Holdings Pvt Ltd,Active,F ,500000.00,INE09OL14IS6,Commercial Papers,,,,,
731169,DSP FINANCE PRIVATE LIMITED,DFPL230226,DSP FINANCE Pvt Ltd,Active,F ,500000.00,INE422H14263,Commercial Papers,,,,,
731170,SBICAP Securities Limited,SSL230226,SBICAP Securities Ltd,Active,F ,500000.00,INE212K14DK8,Commercial Papers,,,,,
731171,KEC International Ltd.,KIL24226,KEC International Ltd,Active,F ,500000.00,INE389H14LY4,Commercial Papers,,,,,
731172,Capri Global Capital Limited,CGCL240226,Capri Global Capital Ltd,Active,F ,500000.00,INE180C14664,Commercial Papers,,,,,
731173,Mirae Asset Financial Services (India) Private Limited,MAFS23226,Mirae Asset Financial Services (India) Pvt Ltd,Active,F ,500000.00,INE0JRU14396,Commercial Papers,,,,,
731175,360 ONE Prime Limited,OPL230226,360 ONE Prime Ltd,Active,F ,500000.00,INE248U14TD2,Commercial Papers,,,,,
731176,SBICAP Securities Limited,SBIC24226,SBICAP Securities Ltd,Active,F ,500000.00,INE212K14DL6,Commercial Papers,,,,,
731177,Godrej Housing Finance Limited,GHF240226,GHFL-24-02-27-CP,Active,F ,500000.00,INE02JD14765,Commercial Papers,,,,,
731178,Sharekhan Limited,SL240226,Sharekhan Ltd,Active,F ,500000.00,INE211H14AL0,Commercial Papers,,,,,
731179,Infina Finance Private Limited,IFPL240226,Infina Finance Pvt Ltd,Active,F ,500000.00,INE879F14MO7,Commercial Papers,,,,,
731180,Axis Finance Limited,AFL240226,Axis Finance Ltd,Active,F ,500000.00,INE891K14PU2,Commercial Papers,,,,,
731181,Godrej Housing Finance Limited,GHFL25226,Godrej Housing Finance Ltd,Active,F ,500000.00,INE02JD14773,Commercial Papers,,,,,
731182,Julius Baer Capital (India) Private Limited,JBCP250226,Julius Baer Capital (India) Pvt Ltd,Active,F ,500000.00,INE824H14TT3,Commercial Papers,,,,,
731183,Nuvama Wealth Finance Limited,NWFL240226,Nuvama Wealth Finance Ltd,Active,F ,500000.00,INE918K14DD5,Commercial Papers,,,,,
731184,Aarti Industries Ltd,AIL250226,Aarti Industries Ltd,Active,F ,500000.00,INE769A14AE7,Commercial Papers,,,,,
731185,SBICAP Securities Limited,SBICA25226,SBI-27-05-26-CP,Active,F ,500000.00,INE212K14DM4,Commercial Papers,,,,,
731186,Adani Enterprises Ltd.,AEL240226,AEL-26-5-26-CP,Active,F ,500000.00,INE423A14YZ6,Commercial Papers,,,,,
731187,Aditya Birla Housing Finance Limited,ABHF240226,ABHFL-23-2-27-CP,Active,F ,500000.00,INE831R14FX8,Commercial Papers,,,,,
731188,Pilani Investment And Industries Corporation Limited,PIIC250226,PIICL-26-5-26-CP,Active,F ,500000.00,INE417C14AN0,Commercial Papers,,,,,
731189,Navi Finserv Limited,NFL25226,Navi Finserv Ltd,Active,F ,500000.00,INE342T14FS2,Commercial Papers,,,,,
731190,MUTHOOT FINCORP LIMITED,MFL25226,MUTHOOT FINCORP Ltd,Active,F ,500000.00,INE549K14CM1,Commercial Papers,,,,,
731191,ICICI HOME FINANCE COMPANY LIMITED,IHFC26226,ICICI HOME FINANCE COMPANY Ltd,Active,F ,500000.00,INE071G14HO9,Commercial Papers,,,,,
731192,VIVRITI CAPITAL LIMITED,VCL250226,VIVRITI CAPITAL Ltd,Active,F ,500000.00,INE01HV14AV7,Commercial Papers,,,,,
731193,Axis Finance Limited,AFL250226,Axis Finance Ltd,Active,F ,500000.00,INE891K14PX6,Commercial Papers,,,,,
731194,Axis Finance Limited,AFL250226A,Axis Finance Ltd,Active,F ,500000.00,INE891K14PW8,Commercial Papers,,,,,
731195,360 ONE WAM LIMITED,OWL250226,360 ONE WAM Ltd,Active,F ,500000.00,INE466L14FX6,Commercial Papers,,,,,
731196,360 ONE Alternates Asset Management Limited,360OA25226,360 ONE Alternates Asset Management Ltd,Active,F ,500000.00,INE0TQI14186,Commercial Papers,,,,,
731197,Tata Housing Development Company Limited,THDC25226,Tata Housing Development Company Ltd,Active,F ,500000.00,INE582L14JI3,Commercial Papers,,,,,
731198,GIC Housing Finance Ltd.,GICHF26226,GIC Housing Finance Ltd,Active,F ,500000.00,INE289B14JW7,Commercial Papers,,,,,
731199,IKF Finance Limited,IFL250226,IKF Finance Ltd,Active,F ,500000.00,INE859C14168,Commercial Papers,,,,,
731200,Fedbank Financial Services Limited,FFSL250226,Fedbank Financial Services Ltd,Active,F ,500000.00,INE007N14ES7,Commercial Papers,,,,,
731201,Fedbank Financial Services Limited,FFS250226,Fedbank Financial Services Ltd,Active,F ,500000.00,INE007N14ET5,Commercial Papers,,,,,
731202,Fedbank Financial Services Limited,FFS250226A,Fedbank Financial Services Ltd,Active,F ,500000.00,INE007N14ER9,Commercial Papers,,,,,
731203,STANDARD CHARTERED SECURITIES (INDIA) LIMITED,SCSL250226,STANDARD CHARTERED SECURITIES (INDIA) Ltd,Active,F ,500000.00,INE472H14805,Commercial Papers,,,,,
731204,Tata Power Co. Ltd,TPCL26226,Tata Power Co Ltd,Active,F ,500000.00,INE245A14KW9,Commercial Papers,,,,,
731205,IGH Holdings Private Limited,IGHHP27226,IGH Holdings Pvt Ltd,Active,F ,500000.00,INE02FN14796,Commercial Papers,,,,,
731206,360 ONE Prime Limited,OPL260226,360 ONE Prime Ltd,Active,F ,500000.00,INE248U14TE0,Commercial Papers,,,,,
731207,Navi Finserv Limited,NFL26226,Navi Finserv Ltd,Active,F ,500000.00,INE342T14FT0,Commercial Papers,,,,,
731208,VIVRITI CAPITAL LIMITED,VCL260226,VIVRITI CAPITAL Ltd,Active,F ,500000.00,INE01HV14AW5,Commercial Papers,,,,,
731209,Julius Baer Capital (India) Private Limited,JBC27226,Julius Baer Capital (India) Pvt Ltd,Active,F ,500000.00,INE824H14TU1,Commercial Papers,,,,,
731210,Capri Global Capital Limited,CGCL270226,Capri Global Capital Ltd,Active,F ,500000.00,INE180C14672,Commercial Papers,,,,,
731211,Nuvama Wealth and Investment Limited,NWIL260226,Nuvama Wealth and Investment Ltd,Active,F ,500000.00,INE523L14BC7,Commercial Papers,,,,,
731212,Nuvama Wealth Management Limited,NWML27226,Nuvama Wealth Management Ltd,Active,F ,500000.00,INE531F14FN0,Commercial Papers,,,,,
731213,HINDUJA HOUSING FINANCE LIMITED,HHFL270226,HINDUJA HOUSING FINANCE Ltd,Active,F ,500000.00,INE401Y14064,Commercial Papers,,,,,
731214,IGH Holdings Private Limited,IHPL020326,IGH Holdings Pvt Ltd,Active,F ,500000.00,INE02FN14804,Commercial Papers,,,,,
731215,InCred Financial Services Limited,IFSL270226,InCred Financial Services Ltd,Active,F ,500000.00,INE321N14380,Commercial Papers,,,,,
731216,Axis Finance Limited,AFL270226,Axis Finance Ltd,Active,F ,500000.00,INE891K14PV0,Commercial Papers,,,,,
731217,360 ONE WAM LIMITED,OWL270226,360 ONE WAM Ltd,Active,F ,500000.00,INE466L14FY4,Commercial Papers,,,,,
731218,DSP FINANCE PRIVATE LIMITED,DSPFP27226,DSP FINANCE Pvt Ltd,Active,F ,500000.00,INE422H14271,Commercial Papers,,,,,
731219,Network 18 Media & Investments Limited,N18MIL2326,Network 18 Media & Investments Ltd,Active,F ,500000.00,INE870H14WV6,Commercial Papers,,,,,
731220,360 ONE Alternates Asset Management Limited,360OA27226,360 ONE Alternates Asset Management Ltd,Active,F ,500000.00,INE0TQI14194,Commercial Papers,,,,,
731221,PAISALO DIGITAL LIMITED,PDL270226,PAISALO DIGITAL Ltd,Active,F ,500000.00,INE420C14243,Commercial Papers,,,,,
731222,Nuvama Wealth Finance Limited,NWFL02326,Nuvama Wealth Finance Ltd,Active,F ,500000.00,INE918K14DE3,Commercial Papers,,,,,
731223,Fedbank Financial Services Limited,FFSL270226,Fedbank Financial Services Ltd,Active,F ,500000.00,INE007N14EU3,Commercial Papers,,,,,
731224,Credila Financial Services Limited,CFSL2326,Credila Financial Services Ltd,Active,F ,500000.00,INE539K14BZ6,Commercial Papers,,,,,
731225,Navi Finserv Limited,NFL020326,Navi Finserv Ltd,Active,F ,500000.00,INE342T14FU8,Commercial Papers,,,,,
731226,Navi Finserv Limited,NFL2326,Navi Finserv Ltd,Active,F ,500000.00,INE342T14FW4,Commercial Papers,,,,,
731227,TATA STEEL LIMITED,TSL020326,TATA STEEL Ltd,Active,F ,500000.00,INE081A14GR6,Commercial Papers,,,,,
731228,Fedbank Financial Services Limited,FFSL020326,Fedbank Financial Services Ltd,Active,F ,500000.00,INE007N14EW9,Commercial Papers,,,,,
731229,Navi Finserv Limited,NFL02326,Navi Finserv Ltd,Active,F ,500000.00,INE342T14FV6,Commercial Papers,,,,,
731230,Aditya Birla Housing Finance Limited,ABHL020326,Aditya Birla Housing Finance Ltd,Active,F ,500000.00,INE831R14FY6,Commercial Papers,,,,,
731231,Manappuram Finance Limited,MFL020326,Manappuram Finance Ltd,Active,F ,500000.00,INE522D14PG7,Commercial Papers,,,,,
731232,birla Group Holdings Private Limited,BGHP40326,birla Group Holdings Pvt Ltd,Active,F ,500000.00,INE09OL14IT4,Commercial Papers,,,,,
731233,Manappuram Finance Limited,MFL40326,Manappuram Finance Ltd,Active,F ,500000.00,INE522D14PF9,Commercial Papers,,,,,
731234,Network 18 Media & Investments Limited,N18MIL4326,Network 18 Media & Investments Ltd,Active,F ,500000.00,INE870H14WU8,Commercial Papers,,,,,
731235,Bajaj Finance Limited,BFL020326,Bajaj Finance Ltd,Active,F ,500000.00,INE296A14F29,Commercial Papers,,,,,
731236,MUTHOOT FINCORP LIMITED,MFL20326,MUTHOOT FINCORP Ltd,Active,F ,500000.00,INE549K14CN9,Commercial Papers,,,,,
731237,Infina Finance Private Limited,IFPL2326,Infina Finance Pvt Ltd,Active,F ,500000.00,INE879F14MP4,Commercial Papers,,,,,
731238,Infina Finance Private Limited,IFPL020326,Infina Finance Pvt Ltd,Active,F ,500000.00,INE879F14MQ2,Commercial Papers,,,,,
731239,Mirae Asset Financial Services (India) Private Limited,MAFSPL2326,Mirae Asset Financial Services (India) Pvt Ltd,Active,F ,500000.00,INE0JRU14404,Commercial Papers,,,,,
731240,SEIL Energy India Limited,SEILEI2326,SEIL Energy India Ltd,Active,F ,500000.00,INE460M14834,Commercial Papers,,,,,
731241,KEC International Ltd.,KECIL2326,KEC International Ltd,Active,F ,500000.00,INE389H14LZ1,Commercial Papers,,,,,
731242,Fedbank Financial Services Limited,FFSL020326A,Fedbank Financial Services Ltd,Active,F ,500000.00,INE007N14EV1,Commercial Papers,,,,,
731243,360 ONE Alternates Asset Management Limited,360OAA4326,360 ONE Alternates Asset Management Ltd,Active,F ,500000.00,INE0TQI14202,Commercial Papers,,,,,
731244,360 ONE WAM LIMITED,OWL40326,360 ONE WAM Ltd,Active,F ,500000.00,INE466L14FZ1,Commercial Papers,,,,,
731245,KEC International Ltd.,KIL050326,KEC International Ltd,Active,F ,500000.00,INE389H14MB0,Commercial Papers,,,,,
731246,birla Group Holdings Private Limited,BGHL050326,birla Group Holdings Pvt Ltd,Active,F ,500000.00,INE09OL14IU2,Commercial Papers,,,,,
731247,Can Fin Homes Ltd.,CFHL040326,Can Fin Homes Ltd,Active,F ,500000.00,INE477A14ED1,Commercial Papers,,,,,
731248,Network 18 Media & Investments Limited,NMIL50326,Network 18 Media & Investments Ltd,Active,F ,500000.00,INE870H14WT0,Commercial Papers,,,,,
731249,IGH Holdings Private Limited,IHPL50326,IGH Holdings Pvt Ltd,Active,F ,500000.00,INE02FN14812,Commercial Papers,,,,,
731250,DSP FINANCE PRIVATE LIMITED,DFPL50326,DSP FINANCE Pvt Ltd,Active,F ,500000.00,INE422H14289,Commercial Papers,,,,,
731251,KEC International Ltd.,KIL60326,KEC International Ltd,Active,F ,500000.00,INE389H14MC8,Commercial Papers,,,,,
731252,Bajaj Finance Limited,BFL50326,Bajaj Finance Ltd,Active,F ,500000.00,INE296A14F37,Commercial Papers,,,,,
731253,360 ONE Alternates Asset Management Limited,AAML50326,360 ONE Alternates Asset Management Ltd,Active,F ,500000.00,INE0TQI14210,Commercial Papers,,,,,
731254,Navi Finserv Limited,NFL050326,Navi Finserv Ltd,Active,F ,500000.00,INE342T14FX2,Commercial Papers,,,,,
731255,ICICI HOME FINANCE COMPANY LIMITED,IHFCL6326,ICICI HOME FINANCE COMPANY Ltd,Active,F ,500000.00,INE071G14HP6,Commercial Papers,,,,,
731256,Capri Global Capital Limited,CGCL06326,CGCL-07-09-26-CP,Active,F ,500000.00,INE180C14680,Commercial Papers,,,,,
731257,Sharekhan Limited,SL050326,SL-4-6-26-CP,Active,F ,500000.00,INE211H14AM8,Commercial Papers,,,,,
731258,Mirae Asset Financial Services (India) Private Limited,MAFS050326,MAFS-5-3-27-CP,Active,F ,500000.00,INE0JRU14412,Commercial Papers,,,,,
731259,Nuvama Wealth and Investment Limited,NWIL050326,NWIL-3-3-27-CP,Active,F ,500000.00,INE523L14BD5,Commercial Papers,,,,,
731260,Nuvama Wealth Finance Limited,NWFL5326,NWFL-04-06-26-CP,Active,F ,500000.00,INE918K14DF0,Commercial Papers,,,,,
731261,Credila Financial Services Limited,CFSL5326,CFSL-04-03-27-CP,Active,F ,500000.00,INE539K14CA7,Commercial Papers,,,,,
731262,TATA STEEL LIMITED,TSL60326,TATA STEEL Ltd,Active,F ,500000.00,INE081A14GS4,Commercial Papers,,,,,
731263,SBICAP Securities Limited,SSL60326,SBICAP Securities Ltd,Active,F ,500000.00,INE212K14DN2,Commercial Papers,,,,,
731264,Julius Baer Capital (India) Private Limited,JBCIP6326,Julius Baer Capital (India) Pvt Ltd,Active,F ,500000.00,INE824H14TV9,Commercial Papers,,,,,
731265,Fedbank Financial Services Limited,FFSL6326,Fedbank Financial Services Ltd,Active,F ,500000.00,INE007N14EX7,Commercial Papers,,,,,
731266,L&T Metro Rail (Hyderabad) Limited,LTMR060326,L&T Metro Rail (Hyderabad) Ltd,Active,F ,500000.00,INE128M14BD1,Commercial Papers,,,,,
731267,Tata Realty and Infrastructure Limited,TRIL060326,Tata Realty and Infrastructure Ltd,Active,F ,500000.00,INE371K14DH8,Commercial Papers,,,,,
731268,KEC International Ltd.,KIL90326,KEC International Ltd,Active,F ,500000.00,INE389H14MA2,Commercial Papers,,,,,
731269,Nuvama Wealth and Investment Limited,NWIL060326,Nuvama Wealth and Investment Ltd,Active,F ,500000.00,INE523L14BE3,Commercial Papers,,,,,
731270,Sharekhan Limited,SL060326,Sharekhan Ltd,Active,F ,500000.00,INE211H14AN6,Commercial Papers,,,,,
731271,birla Group Holdings Private Limited,BGHPL9326,birla Group Holdings Pvt Ltd,Active,F ,500000.00,INE09OL14IV0,Commercial Papers,,,,,
731272,Aditya Birla Housing Finance Limited,ABHF090326,Aditya Birla Housing Finance Ltd,Active,F ,500000.00,INE831R14FZ3,Commercial Papers,,,,,
731273,DSP FINANCE PRIVATE LIMITED,DFPL060326,DSP FINANCE Pvt Ltd,Active,F ,500000.00,INE422H14297,Commercial Papers,,,,,
731274,Can Fin Homes Ltd.,CFHL060326,Can Fin Homes Ltd,Active,F ,500000.00,INE477A14EE9,Commercial Papers,,,,,
731275,DSP FINANCE PRIVATE LIMITED,DFPL90326,DSP FINANCE Pvt Ltd,Active,F ,500000.00,INE422H14305,Commercial Papers,,,,,
731276,Reliance Retail Ventures Limited,RRVL90326,Reliance Retail Ventures Ltd,Active,F ,500000.00,INE929O14EU6,Commercial Papers,,,,,
731277,Kotak Mahindra Prime Limited,KMPL10326,Kotak Mahindra Prime Ltd,Active,F ,500000.00,INE916D146N6,Commercial Papers,,,,,
731278,STANDARD CHARTERED SECURITIES (INDIA) LIMITED,SCSL090326,STANDARD CHARTERED SECURITIES (INDIA) Ltd,Active,F ,500000.00,INE472H14821,Commercial Papers,,,,,
731279,STANDARD CHARTERED SECURITIES (INDIA) LIMITED,SCS090326,STANDARD CHARTERED SECURITIES (INDIA) Ltd,Active,F ,500000.00,INE472H14813,Commercial Papers,,,,,
731280,birla Group Holdings Private Limited,BGHPL10326,birla Group Holdings Pvt Ltd,Active,F ,500000.00,INE09OL14IW8,Commercial Papers,,,,,
731281,Bajaj Finance Limited,BFL090326,Bajaj Finance Ltd,Active,F ,500000.00,INE296A14F45,Commercial Papers,,,,,
731282,360 ONE Alternates Asset Management Limited,OAML090326,360 ONE Alternates Asset Management Ltd,Active,F ,500000.00,INE0TQI14236,Commercial Papers,,,,,
731283,360 ONE Alternates Asset Management Limited,OAAM090326,360 ONE Alternates Asset Management Ltd,Active,F ,500000.00,INE0TQI14228,Commercial Papers,,,,,
731284,Mirae Asset Capital Markets (India) Private Limited,MACM090326,Mirae Asset Capital Markets (India) Pvt Ltd,Active,F ,500000.00,INE0T2V14095,Commercial Papers,,,,,
731285,Nuvama Wealth Management Limited,NWML090326,Nuvama Wealth Management Ltd,Active,F ,500000.00,INE531F14FO8,Commercial Papers,,,,,
731286,Capri Global Capital Limited,CGCL090326,Capri Global Capital Ltd,Active,F ,500000.00,INE180C14698,Commercial Papers,,,,,
731287,Infina Finance Private Limited,IFPL09326,Infina Finance Pvt Ltd,Active,F ,500000.00,INE879F14MR0,Commercial Papers,,,,,
731288,Tata Housing Development Company Limited,THDCL9326,Tata Housing Development Company Ltd,Active,F ,500000.00,INE582L14JJ1,Commercial Papers,,,,,
731289,Tata Realty and Infrastructure Limited,TRIL09326,Tata Realty and Infrastructure Ltd,Active,F ,500000.00,INE371K14DI6,Commercial Papers,,,,,
731290,Bajaj Financial Securities Limited,BFSL09326,Bajaj Financial Securities Ltd,Active,F ,500000.00,INE01C314EO8,Commercial Papers,,,,,
731291,Bajaj Financial Securities Limited,BFSL090326,Bajaj Financial Securities Ltd,Active,F ,500000.00,INE01C314EN0,Commercial Papers,,,,,
731292,Nuvama Wealth and Investment Limited,NWIL10326,Nuvama Wealth and Investment Ltd,Active,F ,500000.00,INE523L14BF0,Commercial Papers,,,,,
731293,Bajaj Financial Securities Limited,BFSL10326,Bajaj Financial Securities Ltd,Active,F ,500000.00,INE01C314EM2,Commercial Papers,,,,,
731294,SBICAP Securities Limited,SSL100326,SBICAP Securities Ltd,Active,F ,500000.00,INE212K14DO0,Commercial Papers,,,,,
731295,Manappuram Finance Limited,MFL100326,Manappuram Finance Ltd,Active,F ,500000.00,INE522D14PH5,Commercial Papers,,,,,
731296,Julius Baer Capital (India) Private Limited,JBCP100326,Julius Baer Capital (India) Pvt Ltd,Active,F ,500000.00,INE824H14TW7,Commercial Papers,,,,,
731297,JSW Energy Limited,JEL100326,JSW Energy Ltd,Active,F ,500000.00,INE121E14433,Commercial Papers,,,,,
731298,Northern Arc Capital Ltd.,NACL11326,Northern Arc Capital Ltd,Active,F ,500000.00,INE850M14CM9,Commercial Papers,,,,,
731299,birla Group Holdings Private Limited,BGHP11326,birla Group Holdings Pvt Ltd,Active,F ,500000.00,INE09OL14IY4,Commercial Papers,,,,,
731300,birla Group Holdings Private Limited,BGHPL11326,birla Group Holdings Pvt Ltd,Active,F ,500000.00,INE09OL14IX6,Commercial Papers,,,,,
731301,Pilani Investment And Industries Corporation Limited,PIIC110326,Pilani Investment And Industries Corporation Ltd,Active,F ,500000.00,INE417C14AO8,Commercial Papers,,,,,
731302,Tata Power Co. Ltd,TPCL110326,Tata Power Co Ltd,Active,F ,500000.00,INE245A14KX7,Commercial Papers,,,,,
731303,IGH Holdings Private Limited,IHPL100326,IGH Holdings Pvt Ltd,Active,F ,500000.00,INE02FN14820,Commercial Papers,,,,,
731304,Network 18 Media & Investments Limited,N18MI11326,Network 18 Media & Investments Ltd,Active,F ,500000.00,INE870H14WW4,Commercial Papers,,,,,
731305,IGH Holdings Private Limited,IHPL11326,IGH Holdings Pvt Ltd,Active,F ,500000.00,INE02FN14838,Commercial Papers,,,,,
731306,Aditya Birla Housing Finance Limited,ABHFL11326,Aditya Birla Housing Finance Ltd,Active,F ,500000.00,INE831R14GA4,Commercial Papers,,,,,
731307,Navi Finserv Limited,NFL110326,Navi Finserv Ltd,Active,F ,500000.00,INE342T14FY0,Commercial Papers,,,,,
731308,Bajaj Financial Securities Limited,BFSL110326,Bajaj Financial Securities Ltd,Active,F ,500000.00,INE01C314EP5,Commercial Papers,,,,,
731309,Reliance Retail Ventures Limited,RRVL110326,Reliance Retail Ventures Ltd,Active,F ,500000.00,INE929O14EW2,Commercial Papers,,,,,
731310,IGH Holdings Private Limited,IHPL120326,IGH Holdings Pvt Ltd,Active,F ,500000.00,INE02FN14846,Commercial Papers,,,,,
731311,Nuvama Wealth Management Limited,NWML11326,Nuvama Wealth Management Ltd,Active,F ,500000.00,INE531F14FP5,Commercial Papers,,,,,
731312,IGH Holdings Private Limited,IHPL12326,IGH Holdings Pvt Ltd,Active,F ,500000.00,INE02FN14853,Commercial Papers,,,,,
731313,Pilani Investment And Industries Corporation Limited,PIICL12326,Pilani Investment And Industries Corporation Ltd,Active,F ,500000.00,INE417C14AP5,Commercial Papers,,,,,
731314,Aarti Industries Ltd,AIL12326,Aarti Industries Ltd,Active,F ,500000.00,INE769A14AF4,Commercial Papers,,,,,
731315,Sharekhan Limited,SL11326,Sharekhan Ltd,Active,F ,500000.00,INE211H14AO4,Commercial Papers,,,,,
731316,Nuvama Wealth Finance Limited,NWFL110326,Nuvama Wealth Finance Ltd,Active,F ,500000.00,INE918K14DG8,Commercial Papers,,,,,
731317,360 ONE Alternates Asset Management Limited,360OA11326,360 ONE Alternates Asset Management Ltd,Active,F ,500000.00,INE0TQI14244,Commercial Papers,,,,,
731318,Network 18 Media & Investments Limited,N18MI12326,N18MIL-11-06-26-CP,Active,F ,500000.00,INE870H14WX2,Commercial Papers,,,,,
731319,Fedbank Financial Services Limited,FFSL120326,Fedbank Financial Services Ltd,Active,F ,500000.00,INE007N14EY5,Commercial Papers,,,,,
731320,Fedbank Financial Services Limited,FFSL12326,Fedbank Financial Services Ltd,Active,F ,500000.00,INE007N14EZ2,Commercial Papers,,,,,
731321,Reliance Retail Ventures Limited,RRVL120326,Reliance Retail Ventures Ltd,Active,F ,500000.00,INE929O14EV4,Commercial Papers,,,,,
731322,360 ONE Prime Limited,OPL120326,360 ONE Prime Ltd,Active,F ,500000.00,INE248U14TF7,Commercial Papers,,,,,
731323,Bajaj Financial Securities Limited,BFSL12326,Bajaj Financial Securities Ltd,Active,F ,500000.00,INE01C314EQ3,Commercial Papers,,,,,
731324,birla Group Holdings Private Limited,BGHP12326,birla Group Holdings Pvt Ltd,Active,F ,500000.00,INE09OL14IZ1,Commercial Papers,,,,,
731325,birla Group Holdings Private Limited,BGHPL12326,birla Group Holdings Pvt Ltd,Active,F ,500000.00,INE09OL14JA2,Commercial Papers,,,,,
731326,Network 18 Media & Investments Limited,N18MI13326,Network 18 Media & Investments Ltd,Active,F ,500000.00,INE870H14WY0,Commercial Papers,,,,,
731327,Bajaj Housing Finance Limited,BHFL120326,Bajaj Housing Finance Ltd,Active,F ,500000.00,INE377Y14CA3,Commercial Papers,,,,,
731328,SBICAP Securities Limited,SSL120326,SBICAP Securities Ltd,Active,F ,500000.00,INE212K14DP7,Commercial Papers,,,,,
731329,birla Group Holdings Private Limited,BGHP13326,birla Group Holdings Pvt Ltd,Active,F ,500000.00,INE09OL14JB0,Commercial Papers,,,,,
731330,ICICI HOME FINANCE COMPANY LIMITED,IHFC13326,ICICI HOME FINANCE COMPANY Ltd,Active,F ,500000.00,INE071G14HQ4,Commercial Papers,,,,,
